ID,MIN
1,42.2725
2,2355.9725
3,1646.2925
4,451.5825
5,129.405
6,964.16
7,270.875
8,5.4225
9,1446.4375
10,1417.085
11,58.75
12,2237.22
13,826.35
14,798.9425
15,2875.5525
16,1867.2175
17,2058.8775
18,256.9225
19,1311.6425
20,721.2175
21,158.5925
22,2629.6875
23,240.71
24,848.2175
25,1067.7325
26,644.175
27,2473.74
28,301.135
29,77.415
30,387.03
31,29.15625
32,2852.48
33,2143.61
34,62.43
35,1462.56
36,546.325
37,44.685
38,1844.67
39,437.25
40,489.465
41,49.865
42,2156.11
43,1192.745
44,159.505
45,2597.05
46,70.5475
47,48.155
48,2307.205
49,598.7125
50,349.8475
51,1095.7025
52,578.2025
53,1666.17
54,118.1375
55,2459.16
56,2566.56
57,2414.3475
58,10.7175
59,2685.41
60,559.105
61,83.8425
62,1539.205
63,1110.005
64,842.31
65,2467.82
66,15.77
67,1424.4225
68,170.8625
69,2162.8325
70,2573.1325
71,1459.055
72,2703.755
73,1177.0975
74,46.21
75,2743.9325
76,1929.7025
77,33.245
78,132.81
79,1591.17
80,2718.57
81,2512.84
82,805.0125
83,87.3225
84,54.4425
85,899.425
86,199.1275
87,2436.33
88,284.155
89,25.1275
90,1444.905
91,1408.3975
92,2903.8125
93,434.9625
94,122.485
95,669.535
96,873.0575
97,2549.1325
98,2231.54
99,2694.79
100,1569.12
101,2505.8725
102,777.845
103,2443.6475
104,1957.6625
105,532.3475
106,252.1575
107,1309.2575
108,36.2925
109,449.22
110,1125.3775
111,577.66
112,1132.375
113,201.28
114,1339.3675
115,736.225
116,2391.0475
117,2745.03
118,2660.64
119,188.0775
120,1647.4475
121,2019.9825
122,672.9975
123,6.4875
124,6.6475
125,380.15
126,1056.395
127,2240.0825
128,42.73
129,131.42
130,2417.11
131,150.8975
132,112.7725
133,818.0375
134,637.67
135,6.0875
136,308.985
137,852.17
138,1926.1425
139,86.9875
140,277.1225
141,1463.73
142,67.9325
143,1334.9975
144,1814.0325
145,2785.57
146,278.33
147,1884.7425
148,2225.2725
149,1035.57
150,1465.41
151,1387.18
152,1487.475
153,633.9325
154,160.8775
155,563.4325
156,2981.68
157,1882.8175
158,1681.7925
159,1485.67
160,1799.12
161,1872.27
162,1924.8025
163,359.645
164,2059.1425
165,185.5875
166,1937.5975
167,136.5
168,1122.29
169,35.48
170,1043.5675
171,672.5925
172,114.6
173,1530.1675
174,2244.7775
175,2960.19
176,2714.69
177,2370.1
178,1195.8525
179,1399.815
180,2016.1825
181,35.475
182,505.2725
183,1130.145
184,42.27125
185,139.5575
186,138.8875
187,2797.12
188,93.2725
189,2284.6925
190,674.795
191,2192.8
192,1493.435
193,1009.65
194,1789.7075
195,2524.3175
196,280.025
197,50.975
198,1189.99
199,715.545
200,196.19125
201,583.9025
202,2340.69
203,112.54
204,2449.1775
205,2453.1575
206,1072.1175
207,1254.0725
208,1115.085
209,8.935
210,1450.8775
211,2765.4125
212,2530.8
213,2521.115
214,2355.365
215,60.2025
216,2730.97
217,306.1025
218,82.6275
219,2744.9925
220,620.905
221,277.2225
222,169.7625
223,3092.515
224,488.675
225,197.81
226,483.3775
227,108.31
228,2553.365
229,1571.4025
230,1351.4525
231,238.09375
232,94.8575
233,2245.4725
234,332.8375
235,303.8225
236,2256.745
237,257.27
238,989.2825
239,424.8
240,1809.5325
241,263.4675
242,862.4425
243,1817.9025
244,2827.985
245,2003.6825
246,97.9925
247,1945.27
248,723.27
249,2856.0625
250,692.2275
251,672.7225
252,1745.125
253,24.4425
254,255.8075
255,532.895
256,2725.075
257,1210.5125
258,1278.085
259,2104.025
260,889.1225
261,481.3625
262,1294.63
263,23.3025
264,340.92
265,2733.505
266,2644.5775
267,1300.9975
268,2712.27
269,1168.65
270,2586.68
271,131.6525
272,38.35
273,1254.92
274,1561.54
275,1386.28
276,1814.5575
277,1055.36
278,739.325
279,939.9525
280,137.39625
281,26.2525
282,1685.295
283,2600.5825
284,619.81
285,123.5675
286,30.9425
287,16.555
288,2478.795
289,12.9525
290,42.5425
291,653.8625
292,2663.3125
293,2053.07
294,1266.41
295,1990.4625
296,913.8525
297,356.1325
298,2219.8575
299,2015.0325
300,731.0225
301,346.525
302,1252.17
303,265.4575
304,1038.3625
305,514.2525
306,1568.7425
307,2218.64
308,2843.93
309,983.645
310,7.5475
311,1012.3575
312,391.13
313,892.55
314,1420.8575
315,362.425
316,869.9025
317,96.2475
318,1528.505
319,42.3875
320,1686.08
321,2701.18
322,822.1825
323,2410.705
324,1141.25
325,43.035
326,3139.1925
327,593.13
328,15.6975
329,48.755
330,902.095
331,2516.885
332,1261.8475
333,1847.705
334,160.8925
335,2466.3875
336,585.095
337,1127.7175
338,1179.13
339,2381.795
340,1500.485
341,2738.3925
342,1082.9075
343,556.4925
344,526.815
345,251.625
346,90.5825
347,2277.8825
348,2184.96
349,895.125
350,103.605
351,1550.015
352,515.455
353,1059.2125
354,1386.275
355,50.0925
356,815.54
357,385.475
358,1208.1375
359,1986.7325
360,891.0975
361,230.925
362,718.92
363,25.3325
364,849.77
365,996.15
366,234.6825
367,1526.25
368,84.6175
369,863.5575
370,68.0275
371,5.8675
372,1308.43
373,19.045
374,1248.345
375,2614.18
376,2604.69
377,1428.3925
378,2132.7025
379,1575.34
380,1327.29
381,1570.9675
382,14.4775
383,2337.4275
384,358.87
385,3.635
386,2150.7975
387,933.5475
388,1006.015
389,9.4275
390,560.845
391,608.575
392,1432.9225
393,37.95
394,918.88
395,936.4075
396,1104.6075
397,537.4375
398,7.19
399,2198.7825
400,2273.805
401,244.575
402,2309.775
403,827.1625
404,2321.1425
405,2376.485
406,383.2025
407,851.7175
408,130.935
409,2035.065
410,471.8975
411,423.7225
412,2345.6625
413,1428.125
414,140.1675
415,2409.9875
416,126.93
417,1080.1325
418,870.265
419,2373.8775
420,2334.3575
421,1836.0975
422,2497.685
423,480.93
424,1812.085
425,265.5475
426,756.4025
427,830.175
428,2661.9525
429,1242.4175
430,902.97
431,1144.95
432,254.28
433,2881.4425
434,10.13625
435,503.9125
436,1481.605
437,974.5125
438,47.4925
439,130.05
440,2187.6225
441,1019.4925
442,571.28
443,2255.9225
444,1102.0375
445,28.31
446,315.465
447,1233.2725
448,2253.815
449,1544.4
450,11.8025
451,2512.735
452,682.9875
453,931.4225
454,39.995
455,727.3475
456,1205.555
457,428.3675
458,1474.7425
459,74.8125
460,1417.645
461,889.0825
462,130.96
463,2149.095
464,880.075
465,207.4425
466,181.0925
467,1.605
468,583.0725
469,1105.6425
470,722.1425
471,331.95
472,1662.9575
473,113.5125
474,1491.3375
475,553.0975
476,2266.055
477,1724.1375
478,1060.295
479,34.1525
480,621.8175
481,192.15
482,2506.87
483,2053.6375
484,510.25
485,395.8175
486,38.5825
487,1.0
488,9.11375
489,2158.1125
490,1581.9675
491,725.525
492,2140.2825
493,629.5325
494,325.8325
495,1414.805
496,83.92
497,7.5
498,996.76
499,2493.39
500,187.0025
501,1737.49
502,1047.7275
503,31.1225
504,1090.62
505,2319.0025
506,142.26
507,1043.35
508,1179.2025
509,1490.9825
510,2368.97
511,2.12
512,1653.94
513,56.5525
514,297.535
515,2611.13
516,272.935
517,230.12
518,183.3025
519,608.4075
520,256.135
521,1079.0025
522,2643.6425
523,2263.7325
524,2391.3525
525,1134.6275
526,2348.0125
527,1792.6525
528,2067.0375
529,37.0125
530,2766.26
531,2233.9575
532,329.055
533,98.3675
534,2329.7675
535,1381.6
536,3.545
537,2681.825
538,24.07
539,2226.2575
540,1495.695
541,362.2325
542,516.1775
543,1808.2575
544,3041.7675
545,448.415
546,330.5675
547,41.5875
548,6.83
549,105.2025
550,710.5825
551,177.07
552,817.535
553,796.995
554,2883.5675
555,5.21
556,1325.5375
557,153.2725
558,2853.9175
559,911.8875
560,377.605
561,15.76125
562,75.4275
563,1831.9675
564,665.065
565,2718.22
566,608.7725
567,2444.0125
568,2507.87
569,2268.655
570,1763.9025
571,2062.8525
572,1808.0
573,36.1525
574,39.9875
575,1692.1475
576,2254.46
577,489.38
578,1339.965
579,490.8775
580,545.2775
581,5.24875
582,1853.28
583,325.8675
584,117.5
585,1917.415
586,2826.0
587,1240.34
588,2174.0575
589,741.26
590,29.12625
591,1222.56
592,789.1975
593,403.1525
594,135.925
595,51.3475
596,4.28
597,1961.2775
598,606.1375
599,996.1175
600,150.025
601,2291.46
602,24.7675
603,2121.3875
604,69.83
605,881.9025
606,10.87
607,24.98625
608,1990.9175
609,224.05
610,180.755
611,92.9025
612,347.83
613,1206.66
614,184.14
615,1453.67
616,85.2525
617,44.4875
618,9.9525
619,423.7675
620,2420.7
621,2334.6775
622,52.1225
623,487.7125
624,1919.33
625,531.9925
626,1636.9775
627,828.185
628,128.1225
629,2725.2225
630,79.68
631,554.4025
632,925.9875
633,1474.9725
634,2055.7325
635,876.4575
636,2688.4125
637,865.75
638,2860.545
639,1853.165
640,44.18
641,176.1875
642,989.1375
643,136.43
644,510.7625
645,967.3475
646,849.5025
647,62.8925
648,2915.3075
649,1210.8075
650,231.365
651,2721.635
652,1856.7075
653,107.9725
654,263.715
655,56.895
656,2831.16
657,1558.72
658,4.8325
659,616.8025
660,1398.8225
661,378.0375
662,2412.42
663,157.6175
664,1647.53
665,674.67
666,2180.8225
667,2236.21
668,527.09
669,1318.685
670,42.85375
671,243.6125
672,989.0475
673,196.84625
674,2210.205
675,48.695
676,1117.6375
677,533.8925
678,1843.53
679,380.225
680,716.62
681,2934.215
682,1936.665
683,1518.065
684,57.2425
685,238.5475
686,2985.9475
687,2735.9875
688,104.3
689,170.68375
690,125.73
691,248.765
692,2161.0575
693,657.85
694,389.4925
695,1655.1925
696,2743.93
697,1882.59
698,1208.28
699,4.0
700,49.69
701,1144.0825
702,751.995
703,203.0725
704,1875.3925
705,788.365
706,447.8525
707,1904.415
708,706.92
709,1938.2075
710,447.84
711,1426.9375
712,234.165
713,2127.9975
714,1029.46
715,1559.0675
716,719.16
717,501.575
718,192.13
719,1646.82
720,216.19
721,67.0675
722,448.5325
723,2817.51
724,682.965
725,2810.4675
726,1775.3225
727,1999.2175
728,2129.3475
729,2740.6725
730,1943.52
731,2737.595
732,1504.2075
733,954.39
734,747.2475
735,73.9
736,225.4325
737,596.2825
738,2076.105
739,1441.73
740,1318.54
741,1902.7425
742,836.515
743,540.9875
744,68.135
745,2547.44
746,2634.175
747,2470.81
748,31.2575
749,1591.1925
750,2849.865
751,727.74
752,2072.2775
753,2430.7575
754,806.34
755,957.89
756,821.38
757,1097.8975
758,619.78
759,2191.41
760,447.5775
761,59.9825
762,165.7875
763,1568.2975
764,366.4925
765,277.02
766,1765.2075
767,217.9475
768,147.755
769,328.92
770,1116.48
771,941.94
772,83.5425
773,1538.0025
774,2420.6625
775,635.7475
776,2149.4625
777,437.8175
778,1921.46
779,348.4225
780,1971.84
781,2426.1475
782,804.935
783,655.1775
784,250.1375
785,151.9125
786,1678.46
787,909.275
788,784.2975
789,274.4325
790,40.585
791,2566.895
792,990.015
793,12.5025
794,79.9825
795,647.325
796,688.615
797,126.015
798,607.2
799,2592.855
800,3276.86
801,109.1775
802,185.6075
803,602.45
804,1784.535
805,78.9275
806,1407.4125
807,2372.1075
808,2789.8175
809,194.5175
810,2441.065
811,1369.8825
812,1305.87
813,1782.515
814,2003.15
815,175.22
816,1307.3525
817,1988.9225
818,1917.39
819,2677.3575
820,1412.315
821,1847.205
822,1224.945
823,2110.5975
824,349.61
825,148.97
826,1759.0675
827,1229.625
828,1517.205
829,515.625
830,513.52
831,2859.8225
832,2166.69
833,39.395
834,2061.125
835,1243.925
836,325.49
837,190.79875
838,347.845
839,286.5075
840,103.7375
841,1243.0475
842,1255.4175
843,611.4375
844,110.64
845,994.21
846,1217.5525
847,626.8825
848,32.1375
849,765.43
850,1138.97
851,762.6525
852,414.925
853,585.42
854,530.735
855,2680.465
856,1062.41
857,2812.145
858,1354.0775
859,414.955
860,1842.7375
861,2287.38
862,2897.0875
863,491.54
864,1022.7875
865,2324.335
866,1537.11
867,2142.9175
868,1140.2625
869,113.7875
870,5.0125
871,155.5825
872,833.9125
873,476.565
874,651.53
875,2140.915
876,887.045
877,53.6225
878,2778.44
879,784.63
880,2639.2
881,2351.6275
882,2767.7825
883,994.56
884,202.935
885,216.4975
886,1182.4075
887,856.7925
888,195.50125
889,803.095
890,2270.7675
891,2728.5575
892,1591.8725
893,2402.2825
894,1543.9625
895,82.215
896,1428.1975
897,1600.2825
898,1363.4625
899,481.5
900,718.405
901,468.8625
902,797.1525
903,822.655
904,230.5675
905,2818.555
906,256.0975
907,2869.325
908,2873.175
909,466.8625
910,2335.99
911,1779.6175
912,2330.0025
913,96.8425
914,922.85
915,212.2275
916,1434.51
917,48.745
918,12.9525
919,30.26
920,2197.18
921,529.775
922,1535.725
923,576.245
924,686.7475
925,2442.5825
926,2656.1575
927,1963.395
928,1303.41
929,1230.5875
930,292.49
931,2684.52
932,521.1175
933,41.55
934,45.83
935,235.9675
936,1711.67
937,2242.5575
938,267.1025
939,2124.7775
940,26.0175
941,1069.6
942,2268.1575
943,2250.7475
944,156.0425
945,382.9575
946,1030.2775
947,83.1375
948,49.0
949,6.405
950,501.645
951,2205.09
952,1710.565
953,212.4175
954,417.9525
955,727.615
956,2314.5275
957,1029.7725
958,1260.8925
959,958.545
960,408.76
961,2215.6575
962,2889.31
963,2945.9475
964,400.6675
965,1749.42
966,2384.96
967,2262.5725
968,586.285
969,310.715
970,925.075
971,2122.3725
972,2056.885
973,40.41
974,1731.065
975,1697.675
976,1331.1925
977,2826.8475
978,2948.2275
979,259.1
980,2093.27
981,2631.545
982,738.115
983,1486.74
984,1119.2975
985,2019.25
986,544.945
987,1672.3625
988,212.99
989,223.6825
990,173.385
991,324.9825
992,1038.0625
993,1220.0375
994,2118.035
995,4.065
996,881.915
997,2414.8625
998,129.5225
999,1821.19
1000,1819.8375
1001,1223.9925
1002,576.7975
1003,16.2525
1004,1655.4975
1005,2818.775
1006,1738.5025
1007,2004.9125
1008,270.0075
1009,1577.875
1010,476.47
1011,1603.9675
1012,1543.425
1013,2549.9
1014,13.22
1015,562.025
1016,795.4275
1017,1739.8725
1018,96.0425
1019,73.6975
1020,2652.7525
1021,1627.06
1022,539.0175
1023,2426.135
1024,12.465
1025,203.7975
1026,764.2475
1027,382.1475
1028,1984.5725
1029,76.9275
1030,2465.995
1031,243.53
1032,2036.73
1033,2926.23
1034,31.8275
1035,3150.105
1036,576.6875
1037,2305.845
1038,766.9
1039,1699.1275
1040,28.18125
1041,1691.345
1042,1665.2425
1043,2446.3275
1044,119.285
1045,1000.8325
1046,974.675
1047,320.72
1048,579.9125
1049,1948.7625
1050,2489.345
1051,159.8275
1052,2129.095
1053,1801.8875
1054,2580.34
1055,1550.8225
1056,829.72
1057,2410.6075
1058,1426.935
1059,36.6025
1060,165.3875
1061,67.1575
1062,1363.235
1063,505.4125
1064,466.3925
1065,425.17
1066,58.66
1067,1382.74
1068,836.355
1069,533.9075
1070,2118.785
1071,971.6525
1072,509.4875
1073,2552.795
1074,844.2925
1075,36.195
1076,252.2625
1077,6.2
1078,776.2225
1079,2396.4825
1080,2302.58
1081,237.595
1082,94.3125
1083,1022.2325
1084,159.4175
1085,65.44
1086,760.7025
1087,4.16125
1088,2008.9325
1089,70.92
1090,1546.07
1091,14.2525
1092,40.0525
1093,82.09
1094,405.705
1095,2298.325
1096,1276.32
1097,2475.16
1098,2465.475
1099,9.73
1100,1847.3925
1101,1990.59
1102,752.7425
1103,1430.37
1104,1720.6575
1105,1901.3825
1106,663.59
1107,2104.5475
1108,2028.105
1109,1633.2575
1110,944.72
1111,10.175
1112,2576.125
1113,2788.5475
1114,67.2075
1115,31.4075
1116,855.12
1117,2219.5075
1118,1437.9
1119,106.93
1120,2076.1125
1121,24.12875
1122,23.385
1123,1973.965
1124,2378.5875
1125,9.1225
1126,30.55
1127,2889.51
1128,220.4475
1129,2072.9
1130,1066.7
1131,1368.345
1132,37.7625
1133,1829.845
1134,670.6775
1135,2763.445
1136,1617.3
1137,521.665
1138,272.9775
1139,26.115
1140,619.615
1141,1043.6325
1142,761.82
1143,434.44
1144,722.045
1145,154.0775
1146,558.295
1147,80.1675
1148,2772.17
1149,1006.7575
1150,2379.6975
1151,341.185
1152,1858.81
1153,39.5575
1154,1020.3175
1155,1057.335
1156,1511.7575
1157,2582.6175
1158,1207.42
1159,2678.4
1160,1997.98
1161,606.0075
1162,593.995
1163,224.7675
1164,2146.0575
1165,145.95
1166,375.5875
1167,1108.5975
1168,1422.99
1169,1507.2175
1170,2433.19
1171,1325.5375
1172,34.9
1173,822.37
1174,2294.6175
1175,2927.3325
1176,1952.785
1177,289.88
1178,2076.495
1179,397.4425
1180,369.1125
1181,1392.76
1182,90.75
1183,71.7625
1184,103.9375
1185,63.0475
1186,454.865
1187,1494.985
1188,850.7125
1189,993.6325
1190,1995.9975
1191,988.4425
1192,992.0975
1193,608.9225
1194,1369.0975
1195,1332.9
1196,1184.5425
1197,1572.4525
1198,1368.7875
1199,428.905
1200,879.2975
1201,2.9025
1202,795.7725
1203,528.135
1204,1918.1425
1205,2291.0375
1206,367.845
1207,120.925
1208,1687.285
1209,2354.5325
1210,96.0275
1211,529.095
1212,898.8
1213,1670.7425
1214,1575.6925
1215,892.33
1216,830.1125
1217,3016.7325
1218,2524.6775
1219,937.595
1220,1669.075
1221,729.925
1222,9.2175
1223,2758.8275
1224,1451.765
1225,1877.12
1226,941.6525
1227,491.6175
1228,2468.36
1229,1055.515
1230,434.3875
1231,1472.35
1232,387.5575
1233,851.345
1234,34.125
1235,1049.275
1236,789.1575
1237,195.3875
1238,3001.7675
1239,25.25625
1240,977.485
1241,95.0925
1242,2924.5725
1243,923.735
1244,94.0575
1245,391.6825
1246,853.1425
1247,54.42
1248,903.525
1249,257.035
1250,113.585
1251,2399.225
1252,291.805
1253,45.85
1254,2739.0725
1255,0.5
1256,2.49
1257,2398.07
1258,1488.1975
1259,731.0275
1260,1268.825
1261,1177.17
1262,1668.4825
1263,751.9375
1264,2829.3875
1265,2009.505
1266,2203.0425
1267,1023.4425
1268,2069.9125
1269,2335.8825
1270,1375.8325
1271,1854.13
1272,261.14
1273,228.58
1274,1972.8825
1275,1745.73
1276,1746.2575
1277,2051.525
1278,4.9
1279,477.725
1280,1501.1725
1281,594.09
1282,1179.2175
1283,1723.87
1284,423.6275
1285,911.6525
1286,398.9475
1287,515.495
1288,1819.925
1289,1075.9175
1290,552.3925
1291,58.39
1292,1836.175
1293,1002.915
1294,603.525
1295,28.73
1296,9.975
1297,707.7775
1298,1860.265
1299,3020.725
1300,1523.465
1301,125.315
1302,2575.675
1303,108.7875
1304,157.4075
1305,209.9925
1306,2547.175
1307,1851.8875
1308,68.9375
1309,2273.5275
1310,121.37
1311,2618.5625
1312,1216.95
1313,588.2175
1314,2959.93
1315,2780.645
1316,2257.925
1317,2033.5075
1318,64.5125
1319,2349.51
1320,2360.58
1321,634.2075
1322,32.7225
1323,80.3
1324,1319.5975
1325,76.3325
1326,869.3575
1327,315.8375
1328,1049.265
1329,1170.6875
1330,560.285
1331,13.31875
1332,155.6575
1333,1282.2725
1334,1619.945
1335,239.3575
1336,351.7925
1337,263.99875
1338,1163.41
1339,2382.075
1340,695.7925
1341,376.6925
1342,1241.0175
1343,1523.0375
1344,96.3175
1345,512.455
1346,1423.885
1347,338.825
1348,49.545
1349,71.015
1350,2897.0475
1351,2027.0975
1352,111.6825
1353,13.02125
1354,31.3925
1355,166.15
1356,2135.14
1357,1577.595
1358,245.36
1359,115.4325
1360,485.665
1361,2001.4175
1362,292.885
1363,1690.2275
1364,1195.43
1365,174.9875
1366,6.8025
1367,2900.4825
1368,1983.17
1369,1459.125
1370,110.4075
1371,225.6925
1372,252.4175
1373,1771.9225
1374,1304.11
1375,2953.4275
1376,458.775
1377,71.785
1378,202.96125
1379,622.695
1380,35.615
1381,835.3325
1382,281.4175
1383,260.025
1384,505.4375
1385,95.9325
1386,770.7275
1387,2667.8975
1388,2348.3
1389,1260.735
1390,2880.4
1391,2213.7025
1392,86.5325
1393,1633.3575
1394,52.8575
1395,1474.145
1396,2301.2425
1397,2569.4175
1398,224.0525
1399,1395.06
1400,187.34
1401,1947.1525
1402,674.7325
1403,746.485
1404,260.4275
1405,590.145
1406,35.285
1407,761.97
1408,1781.545
1409,458.2675
1410,10.915
1411,45.745
1412,2230.1275
1413,2104.5125
1414,2231.0325
1415,1486.9775
1416,300.595
1417,3025.6975
1418,2546.925
1419,175.75
1420,24.2075
1421,250.8875
1422,2525.6725
1423,752.9625
1424,60.8875
1425,1668.87
1426,2044.9675
1427,234.9875
1428,1128.6125
1429,1049.445
1430,1784.8525
1431,1584.4775
1432,559.75
1433,122.12
1434,1212.4575
1435,164.755
1436,568.6025
1437,268.0575
1438,2376.0375
1439,482.58
1440,1949.5025
1441,635.5525
1442,2370.145
1443,1026.7025
1444,752.7225
1445,402.625
1446,950.85
1447,2304.345
1448,501.9525
1449,28.7575
1450,66.315
1451,823.6075
1452,2382.895
1453,2815.9975
1454,1512.525
1455,953.755
1456,1297.855
1457,1374.2175
1458,1293.0925
1459,48.7775
1460,33.8925
1461,279.8825
1462,3069.7675
1463,1037.655
1464,2843.9
1465,76.545
1466,1621.6175
1467,391.13
1468,83.76
1469,2784.535
1470,15.655
1471,1140.4575
1472,2362.965
1473,2940.5925
1474,1729.67
1475,127.83
1476,921.9025
1477,3.0
1478,2424.6775
1479,1692.6525
1480,1262.7925
1481,78.335
1482,1592.275
1483,139.4725
1484,890.8675
1485,1072.8625
1486,201.9325
1487,78.9
1488,2735.11
1489,2057.63
1490,87.94
1491,521.6575
1492,3029.0
1493,417.26
1494,1199.97
1495,141.2825
1496,272.1775
1497,1451.115
1498,724.3025
1499,1468.705
1500,1642.225
1501,121.8775
1502,1893.3375
1503,29.375
1504,136.2625
1505,333.555
1506,516.3825
1507,1415.1625
1508,2552.89
1509,1132.0525
1510,2572.9075
1511,99.8375
1512,2164.7825
1513,202.375
1514,1359.7875
1515,520.275
1516,144.1725
1517,34.9525
1518,931.07
1519,15.105
1520,352.6025
1521,2515.3875
1522,2595.9675
1523,106.96
1524,1997.6375
1525,1276.3075
1526,1095.0425
1527,476.0275
1528,2284.4425
1529,457.4775
1530,1105.515
1531,857.3
1532,1746.3875
1533,633.5275
1534,1491.6775
1535,1678.97
1536,1293.53
1537,307.105
1538,278.3575
1539,116.685
1540,1193.1725
1541,856.9475
1542,284.595
1543,101.645
1544,511.8775
1545,19.77375
1546,48.82
1547,431.825
1548,511.1625
1549,766.955
1550,70.4125
1551,2353.8275
1552,2670.285
1553,57.8225
1554,527.8425
1555,352.5725
1556,143.6075
1557,2832.4775
1558,1678.425
1559,277.0725
1560,64.525
1561,381.5225
1562,1494.4425
1563,15.4525
1564,21.485
1565,752.4775
1566,2515.6525
1567,3060.6
1568,951.5825
1569,68.1875
1570,2694.3475
1571,498.28
1572,134.0975
1573,1263.6525
1574,2674.01
1575,477.29
1576,548.0025
1577,2350.69
1578,7.7775
1579,753.4975
1580,1753.67
1581,2315.27
1582,2208.83
1583,5.18
1584,126.895
1585,2009.4975
1586,1783.335
1587,313.0725
1588,932.36
1589,253.2625
1590,2210.0975
1591,1108.035
1592,2805.64
1593,136.695
1594,2764.09
1595,176.5275
1596,1400.02
1597,1201.245
1598,1204.95
1599,12.21875
1600,2066.1975
1601,789.5825
1602,253.4125
1603,504.0025
1604,795.035
1605,2469.6375
1606,442.745
1607,756.1125
1608,28.2575
1609,966.6025
1610,2341.2825
1611,2166.5
1612,961.3025
1613,1569.695
1614,899.4525
1615,88.405
1616,773.07
1617,557.775
1618,230.56
1619,94.25
1620,2795.645
1621,37.52
1622,211.8525
1623,726.625
1624,1055.965
1625,1858.825
1626,1498.4
1627,594.2325
1628,1754.17
1629,104.78
1630,46.805
1631,1834.63
1632,1031.0375
1633,28.88
1634,1313.365
1635,1467.355
1636,2142.4025
1637,194.4425
1638,250.49
1639,907.22
1640,315.865
1641,102.06
1642,1015.81
1643,2213.995
1644,2588.5225
1645,70.24
1646,908.26
1647,820.475
1648,1317.065
1649,1885.91
1650,610.4925
1651,1672.91
1652,1651.6275
1653,174.03625
1654,274.2975
1655,2514.6525
1656,133.1825
1657,885.0775
1658,94.535
1659,2731.4775
1660,1426.11
1661,34.2875
1662,2464.43
1663,190.21
1664,1551.905
1665,348.5675
1666,702.66
1667,1065.25
1668,1762.1625
1669,2007.4925
1670,2240.3275
1671,1721.9325
1672,45.26
1673,379.235
1674,41.205
1675,2497.21
1676,120.215
1677,2804.795
1678,396.115
1679,940.975
1680,795.0025
1681,53.335
1682,2465.0475
1683,476.375
1684,122.0425
1685,830.7
1686,1647.7325
1687,1219.25
1688,2804.07
1689,706.2825
1690,2228.19
1691,318.6825
1692,2177.7275
1693,1197.4375
1694,2919.845
1695,446.4175
1696,216.195
1697,137.685
1698,1805.0175
1699,109.905
1700,848.1125
1701,511.7375
1702,369.6625
1703,161.0
1704,218.9475
1705,12.0375
1706,2314.0125
1707,27.74
1708,359.81
1709,1938.69
1710,1506.0675
1711,1670.2975
1712,1857.7125
1713,534.89
1714,2655.9225
1715,813.41
1716,1088.2525
1717,1117.8475
1718,611.255
1719,1955.675
1720,19.28625
1721,1504.92
1722,2251.105
1723,29.3425
1724,138.565
1725,25.85375
1726,2753.39
1727,1606.245
1728,670.6475
1729,537.525
1730,1071.2875
1731,252.5225
1732,2087.6575
1733,991.6225
1734,2259.81
1735,51.1075
1736,683.235
1737,578.875
1738,961.5475
1739,178.73375
1740,749.2775
1741,1312.25
1742,1334.88
1743,232.74
1744,811.5175
1745,473.6775
1746,313.4525
1747,1154.1325
1748,2255.955
1749,2562.4725
1750,1459.47
1751,2544.1925
1752,1632.48
1753,24.51
1754,2079.5075
1755,1319.4875
1756,2863.7675
1757,430.5275
1758,939.37
1759,1648.35
1760,269.3375
1761,207.295
1762,2347.76
1763,1554.715
1764,358.1775
1765,1899.925
1766,2964.9275
1767,55.7125
1768,1457.91
1769,2423.8375
1770,58.7175
1771,1544.5025
1772,847.58
1773,905.965
1774,1133.8075
1775,78.555
1776,193.09
1777,1729.09
1778,777.845
1779,958.465
1780,1568.1925
1781,603.02
1782,46.88
1783,120.4525
1784,2447.5225
1785,1765.265
1786,2367.165
1787,256.0925
1788,1348.83
1789,2625.705
1790,1757.07
1791,1361.935
1792,1484.1275
1793,512.28
1794,19.6975
1795,702.66
1796,134.17
1797,818.54
1798,2236.3375
1799,325.285
1800,563.56
1801,1600.86
1802,1404.2575
1803,227.8875
1804,811.875
1805,2291.03
1806,2801.19
1807,1828.58
1808,1158.7575
1809,895.81
1810,1174.5425
1811,471.405
1812,958.04
1813,67.97
1814,1976.5975
1815,178.55
1816,742.485
1817,2618.5275
1818,1750.4375
1819,145.4175
1820,3172.94
1821,1408.4675
1822,634.8475
1823,1778.185
1824,211.5325
1825,772.4225
1826,2529.4125
1827,2813.005
1828,2542.6
1829,700.5825
1830,448.315
1831,6.1225
1832,1773.21
1833,996.08
1834,1030.77
1835,16.10125
1836,371.665
1837,953.82
1838,58.8525
1839,2930.595
1840,1291.825
1841,1362.53
1842,886.135
1843,2.45
1844,79.9475
1845,521.3225
1846,742.215
1847,1241.6425
1848,324.445
1849,1894.1975
1850,1091.4175
1851,494.3825
1852,1409.71
1853,322.0925
1854,57.4225
1855,283.04375
1856,1335.61
1857,2079.705
1858,517.245
1859,1938.13
1860,835.6775
1861,648.2175
1862,617.1725
1863,1943.8975
1864,298.76
1865,1960.5225
1866,2252.1625
1867,830.4675
1868,1904.6325
1869,1708.855
1870,2898.0575
1871,2133.6375
1872,540.1225
1873,900.41
1874,1513.46
1875,2609.1425
1876,2324.415
1877,2799.965
1878,328.61
1879,924.3775
1880,73.415
1881,1259.4225
1882,276.28
1883,992.4375
1884,258.555
1885,1092.2625
1886,1745.475
1887,2413.8375
1888,834.15
1889,1704.95
1890,1417.095
1891,721.9475
1892,2108.1875
1893,3.6575
1894,21.8
1895,2560.9275
1896,36.3175
1897,1630.365
1898,1079.08
1899,1288.8075
1900,1653.295
1901,783.5375
1902,1364.895
1903,2101.93
1904,1251.62
1905,83.275
1906,260.605
1907,22.8075
1908,576.545
1909,375.6725
1910,641.245
1911,2937.18
1912,575.46
1913,1006.72
1914,69.91
1915,2461.155
1916,2832.515
1917,1915.91
1918,1747.29
1919,111.815
1920,486.57
1921,1381.7075
1922,966.2275
1923,183.5575
1924,146.74
1925,2543.805
1926,2391.5425
1927,2480.76
1928,2616.6575
1929,257.19
1930,1989.585
1931,1287.825
1932,281.92
1933,1901.51
1934,461.2125
1935,2374.0275
1936,1059.3325
1937,1775.195
1938,2869.875
1939,1052.8275
1940,2397.29
1941,526.03
1942,1171.7
1943,2711.71
1944,1729.3125
1945,582.45
1946,21.68125
1947,1302.01
1948,2185.31
1949,1640.2625
1950,1014.4275
1951,1100.7825
1952,47.6025
1953,41.8225
1954,342.545
1955,1920.1575
1956,2.24
1957,1312.5125
1958,1210.0175
1959,1338.4175
1960,72.3475
1961,2126.5025
1962,2881.635
1963,94.2425
1964,124.1325
1965,1207.4875
1966,541.15
1967,9.165
1968,1492.8275
1969,189.37
1970,2712.8675
1971,1761.4475
1972,1565.415
1973,13.0875
1974,2265.4475
1975,1041.5
1976,792.2775
1977,1384.475
1978,1747.58
1979,1498.745
1980,549.0775
1981,2808.2425
1982,2348.6175
1983,305.65
1984,891.35
1985,462.435
1986,554.4925
1987,1762.16
1988,1333.955
1989,138.64
1990,986.03
1991,2180.1625
1992,1321.1625
1993,991.5725
1994,130.4925
1995,329.3575
1996,2525.115
1997,1118.035
1998,1007.01
1999,1089.7775
2000,381.6375
