ID,Employment Type
0,50
1,30
2,31
3,29
4,0
5,0
6,23
7,9
8,40
9,5
10,0
11,5
12,30
13,1
14,1
15,19
16,22
17,7
18,20
19,0
20,0
21,18
22,15
23,0
24,13
25,35
26,11
27,14
28,50
29,0
30,30
31,30
32,2
33,23
34,22
35,18
36,18
37,41
38,1
39,3
40,10
41,30
42,0
43,0
44,1
45,30
46,47
47,3
48,25
49,3
50,38
51,40
52,1
53,40
54,22
55,0
56,42
57,0
58,45
59,10
60,0
61,1
62,7
63,26
64,2
65,21
66,0
67,27
68,40
69,7
70,22
71,18
72,3
73,7
74,1
75,18
76,30
77,29
78,5
79,1
80,0
81,5
82,13
83,6
84,3
85,23
86,1
87,26
88,5
89,49
90,0
91,5
92,0
93,9
94,23
95,19
96,1
97,23
98,1
99,1
100,5
101,23
102,9
103,0
104,10
105,5
106,30
107,0
108,14
109,0
110,10
111,0
112,0
113,3
114,0
115,0
116,1
117,5
118,41
119,0
120,0
121,36
122,35
123,34
124,5
125,0
126,4
127,9
128,0
129,37
130,30
131,39
132,22
133,0
134,23
135,0
136,13
137,0
138,15
139,12
140,0
141,1
142,3
143,0
144,5
145,0
146,36
147,45
148,11
149,4
150,14
151,0
152,3
153,41
154,5
155,0
156,0
157,26
158,40
159,49
160,30
161,30
162,0
163,22
164,40
165,41
166,6
167,8
168,27
169,23
170,0
171,1
172,5
173,0
174,16
175,49
176,10
177,0
178,7
179,31
180,18
181,0
182,40
183,20
184,0
185,2
186,0
187,25
188,30
189,32
190,0
191,0
192,22
193,14
194,11
195,0
196,11
197,14
198,15
199,0
200,8
201,23
202,0
203,40
204,1
205,11
206,0
207,5
208,20
209,0
210,12
211,0
212,22
213,15
214,1
215,0
216,49
217,49
218,49
219,14
220,0
221,0
222,50
223,5
224,0
225,24
226,40
227,19
228,9
229,32
230,32
231,10
232,11
233,12
234,29
235,47
236,11
237,0
238,36
239,0
240,45
241,11
242,32
243,0
244,11
245,1
246,18
247,22
248,22
249,31
250,29
251,7
252,0
253,6
254,0
255,0
256,0
257,14
258,11
259,23
260,3
261,12
262,30
263,0
264,39
265,50
266,15
267,40
268,9
269,36
270,0
271,10
272,19
273,7
274,10
275,12
276,0
277,20
278,12
279,24
280,13
281,26
282,48
283,0
284,7
285,0
286,14
287,0
288,13
289,23
290,36
291,0
292,30
293,0
294,36
295,30
296,0
297,8
298,25
299,49
300,14
301,5
302,1
303,17
304,19
305,0
306,37
307,16
308,0
309,26
310,9
311,0
312,4
313,11
314,0
315,26
316,0
317,23
318,25
319,31
320,0
321,30
322,15
323,30
324,31
325,3
326,15
327,21
328,12
329,37
330,36
331,16
332,7
333,38
334,21
335,0
336,23
337,27
338,16
339,30
340,38
341,7
342,36
343,25
344,8
345,31
346,23
347,36
348,9
349,7
350,30
351,10
352,5
353,1
354,23
355,40
356,1
357,7
358,23
359,23
360,18
361,0
362,28
363,12
364,3
365,13
366,36
367,1
368,27
369,40
370,30
371,27
372,12
373,24
374,30
375,31
376,30
377,0
378,5
379,30
380,11
381,16
382,0
383,11
384,10
385,38
386,30
387,0
388,10
389,2
390,45
391,0
392,5
393,24
394,3
395,0
396,36
397,13
398,39
399,29
400,31
401,6
402,0
403,1
404,5
405,31
406,0
407,30
408,10
409,17
410,0
411,35
412,5
413,0
414,24
415,10
416,31
417,18
418,5
419,23
420,30
421,7
422,1
423,30
424,3
425,15
426,0
427,27
428,41
429,13
430,0
431,5
432,7
433,0
434,31
435,7
436,0
437,5
438,14
439,14
440,13
441,23
442,23
443,49
444,24
445,30
446,19
447,16
448,7
449,15
450,3
451,25
452,7
453,7
454,45
455,26
456,40
457,5
458,3
459,5
460,0
461,30
462,0
463,40
464,13
465,6
466,7
467,5
468,50
469,22
470,6
471,0
472,47
473,20
474,19
475,22
476,5
477,0
478,24
479,31
480,23
481,13
482,16
483,5
484,45
485,45
486,0
487,11
488,39
489,11
490,1
491,13
492,4
493,0
494,22
495,1
496,24
497,27
498,1
499,3
500,15
501,0
502,0
503,0
504,30
505,40
506,20
507,7
508,1
509,37
510,12
511,0
512,14
513,16
514,18
515,10
516,0
517,0
518,23
519,3
520,12
521,36
522,0
523,18
524,24
525,15
526,32
527,10
528,30
529,48
530,18
531,6
532,37
533,40
534,12
535,31
536,45
537,26
538,0
539,30
540,48
541,0
542,1
543,31
544,23
545,10
546,3
547,36
548,1
549,3
550,0
551,17
552,0
553,16
554,32
555,26
556,14
557,0
558,10
559,30
560,45
561,32
562,23
563,32
564,24
565,30
566,10
567,0
568,1
569,0
570,0
571,37
572,30
573,18
574,5
575,0
576,16
577,30
578,42
579,49
580,0
581,24
582,0
583,9
584,34
585,1
586,36
587,30
588,5
589,27
590,7
591,0
592,16
593,4
594,30
595,11
596,0
597,1
598,35
599,19
600,10
601,0
602,41
603,14
604,1
605,31
606,17
607,5
608,30
609,1
610,43
611,5
612,50
613,41
614,40
615,34
616,22
617,7
618,49
619,2
620,22
621,26
622,23
623,29
624,1
625,0
626,1
627,22
628,12
629,32
630,20
631,30
632,14
633,39
634,0
635,5
636,0
637,5
638,15
639,30
640,30
641,16
642,36
643,19
644,37
645,21
646,7
647,30
648,7
649,6
650,30
651,7
652,26
653,37
654,49
655,0
656,0
657,30
658,30
659,18
660,18
661,29
662,30
663,14
664,5
665,26
666,1
667,26
668,19
669,12
670,26
671,5
672,0
673,5
674,32
675,41
676,0
677,0
678,9
679,11
680,0
681,22
682,34
683,0
684,1
685,0
686,14
687,0
688,1
689,30
690,32
691,14
692,0
693,18
694,1
695,0
696,44
697,2
698,1
699,1
700,49
701,19
702,26
703,28
704,0
705,28
706,14
707,47
708,13
709,5
710,10
711,5
712,24
713,18
714,1
715,24
716,41
717,13
718,0
719,11
720,1
721,3
722,5
723,47
724,7
725,18
726,26
727,0
728,9
729,28
730,20
731,36
732,24
733,1
734,30
735,5
736,3
737,18
738,16
739,7
740,12
741,18
742,18
743,28
744,41
745,10
746,15
747,20
748,50
749,0
750,18
751,28
752,21
753,0
754,30
755,26
756,30
757,42
758,27
759,1
760,36
761,22
762,30
763,27
764,5
765,13
766,0
767,36
768,38
769,32
770,0
771,9
772,45
773,9
774,7
775,30
776,47
777,21
778,36
779,23
780,25
781,25
782,12
783,0
784,0
785,49
786,3
787,33
788,1
789,32
790,37
791,19
792,9
793,14
794,50
795,23
796,23
797,0
798,0
799,18
800,49
801,11
802,0
803,11
804,11
805,18
806,0
807,30
808,1
809,0
810,7
811,48
812,1
813,0
814,23
815,32
816,40
817,40
818,30
819,2
820,0
821,0
822,5
823,47
824,13
825,0
826,22
827,1
828,13
829,26
830,7
831,7
832,15
833,40
834,0
835,10
836,27
837,16
838,30
839,0
840,1
841,14
842,25
843,23
844,0
845,0
846,16
847,23
848,34
849,0
850,21
851,42
852,31
853,26
854,11
855,3
856,25
857,0
858,5
859,38
860,39
861,25
862,11
863,23
864,23
865,45
866,40
867,40
868,2
869,1
870,0
871,38
872,1
873,34
874,30
875,0
876,40
877,42
878,48
879,32
880,7
881,5
882,26
883,1
884,0
885,26
886,0
887,11
888,12
889,27
890,10
891,34
892,12
893,14
894,42
895,1
896,13
897,30
898,5
899,3
900,47
901,12
902,23
903,5
904,1
905,36
906,1
907,24
908,49
909,12
910,1
911,0
912,30
913,30
914,0
915,18
916,0
917,30
918,30
919,18
920,39
921,0
922,0
923,14
924,31
925,7
926,27
927,0
928,23
929,12
930,30
931,21
932,0
933,42
934,31
935,42
936,16
937,42
938,0
939,23
940,0
941,0
942,0
943,0
944,34
945,7
946,14
947,19
948,14
949,5
950,47
951,17
952,30
953,1
954,13
955,0
956,47
957,32
958,14
959,13
960,3
961,5
962,5
963,40
964,30
965,3
966,8
967,0
968,26
969,16
970,0
971,0
972,49
973,16
974,14
975,0
976,26
977,28
978,11
979,45
980,15
981,19
982,18
983,30
984,24
985,30
986,22
987,5
988,0
989,19
990,15
991,7
992,23
993,0
994,23
995,13
996,15
997,18
998,48
999,32
1000,19
1001,30
1002,40
1003,1
1004,31
1005,18
1006,7
1007,23
1008,0
1009,24
1010,18
1011,5
1012,7
1013,3
1014,23
1015,0
1016,3
1017,42
1018,18
1019,4
1020,0
1021,40
1022,36
1023,0
1024,2
1025,3
1026,36
1027,48
1028,0
1029,16
1030,0
1031,23
1032,30
1033,7
1034,14
1035,22
1036,16
1037,36
1038,0
1039,0
1040,23
1041,25
1042,23
1043,0
1044,3
1045,0
1046,8
1047,22
1048,23
1049,0
1050,3
1051,40
1052,30
1053,19
1054,0
1055,1
1056,0
1057,0
1058,0
1059,13
1060,40
1061,18
1062,11
1063,23
1064,23
1065,32
1066,37
1067,6
1068,38
1069,32
1070,0
1071,10
1072,45
1073,1
1074,48
1075,4
1076,26
1077,42
1078,4
1079,19
1080,45
1081,5
1082,30
1083,3
1084,23
1085,0
1086,30
1087,30
1088,30
1089,30
1090,22
1091,1
1092,7
1093,0
1094,40
1095,5
1096,34
1097,0
1098,32
1099,7
1100,20
1101,0
1102,11
1103,34
1104,47
1105,14
1106,27
1107,37
1108,33
1109,4
1110,3
1111,24
1112,29
1113,22
1114,36
1115,6
1116,0
1117,23
1118,22
1119,24
1120,40
1121,0
1122,10
1123,0
1124,25
1125,0
1126,27
1127,7
1128,5
1129,18
1130,0
1131,20
1132,5
1133,40
1134,5
1135,0
1136,12
1137,29
1138,40
1139,5
1140,36
1141,0
1142,30
1143,14
1144,0
1145,30
1146,14
1147,0
1148,0
1149,10
1150,26
1151,9
1152,22
1153,0
1154,21
1155,40
1156,7
1157,14
1158,36
1159,22
1160,0
1161,40
1162,10
1163,31
1164,0
1165,31
1166,21
1167,14
1168,0
1169,5
1170,30
1171,31
1172,19
1173,18
1174,39
1175,4
1176,30
1177,7
1178,45
1179,11
1180,10
1181,9
1182,12
1183,24
1184,0
1185,22
1186,38
1187,7
1188,20
1189,7
1190,30
1191,0
1192,5
1193,19
1194,30
1195,0
1196,32
1197,12
1198,25
1199,14
1200,0
1201,1
1202,1
1203,33
1204,23
1205,32
1206,48
1207,18
1208,1
1209,5
1210,12
1211,16
1212,22
1213,25
1214,16
1215,31
1216,49
1217,27
1218,48
1219,12
1220,26
1221,6
1222,0
1223,23
1224,3
1225,0
1226,17
1227,24
1228,3
1229,12
1230,0
1231,7
1232,5
1233,25
1234,0
1235,11
1236,0
1237,36
1238,49
1239,48
1240,8
1241,30
1242,0
1243,0
1244,38
1245,22
1246,22
1247,23
1248,6
1249,20
1250,0
1251,10
1252,45
1253,22
1254,22
1255,23
1256,11
1257,32
1258,5
1259,0
1260,1
1261,12
1262,30
1263,5
1264,0
1265,36
1266,11
1267,30
1268,16
1269,7
1270,41
1271,45
1272,0
1273,15
1274,0
1275,23
1276,6
1277,32
1278,5
1279,18
1280,18
1281,22
1282,22
1283,3
1284,30
1285,15
1286,0
1287,0
1288,20
1289,19
1290,11
1291,18
1292,26
1293,23
1294,49
1295,23
1296,23
1297,23
1298,7
1299,0
1300,30
1301,50
1302,6
1303,12
1304,0
1305,44
1306,18
1307,9
1308,0
1309,7
1310,44
1311,0
1312,11
1313,23
1314,10
1315,7
1316,17
1317,1
1318,22
1319,0
1320,12
1321,0
1322,0
1323,50
1324,25
1325,0
1326,18
1327,18
1328,14
1329,39
1330,0
1331,27
1332,11
1333,50
1334,0
1335,1
1336,10
1337,18
1338,24
1339,30
1340,0
1341,0
1342,30
1343,24
1344,0
1345,40
1346,45
1347,34
1348,18
1349,34
1350,12
1351,12
1352,5
1353,0
1354,18
1355,15
1356,7
1357,1
1358,1
1359,22
1360,40
1361,30
1362,0
1363,1
1364,23
1365,0
1366,1
1367,49
1368,30
1369,4
1370,15
1371,32
1372,23
1373,40
1374,35
1375,28
1376,10
1377,3
1378,27
1379,26
1380,30
1381,3
1382,0
1383,16
1384,36
1385,0
1386,10
1387,32
1388,31
1389,23
1390,0
1391,0
1392,34
1393,22
1394,50
1395,0
1396,0
1397,30
1398,0
1399,7
1400,32
1401,0
1402,3
1403,16
1404,1
1405,1
1406,45
1407,16
1408,0
1409,0
1410,30
1411,0
1412,27
1413,22
1414,0
1415,17
1416,29
1417,18
1418,22
1419,14
1420,18
1421,41
1422,0
1423,31
1424,0
1425,30
1426,5
1427,48
1428,0
1429,22
1430,35
1431,16
1432,1
1433,5
1434,0
1435,18
1436,14
1437,5
1438,15
1439,19
1440,12
1441,0
1442,7
1443,7
1444,49
1445,0
1446,49
1447,50
1448,30
1449,0
1450,30
1451,27
1452,40
1453,30
1454,0
1455,0
1456,26
1457,30
1458,0
1459,14
1460,0
1461,10
1462,47
1463,5
1464,40
1465,0
1466,7
1467,0
1468,18
1469,1
1470,14
1471,10
1472,40
1473,31
1474,11
1475,0
1476,7
1477,7
1478,7
1479,0
1480,22
1481,49
1482,5
1483,3
1484,42
1485,45
1486,12
1487,14
1488,7
1489,32
1490,5
1491,32
1492,9
1493,5
1494,10
1495,17
1496,1
1497,30
1498,50
1499,36
1500,32
1501,6
1502,5
1503,20
1504,36
1505,15
1506,30
1507,6
1508,48
1509,45
1510,0
1511,4
1512,10
1513,0
1514,19
1515,41
1516,13
1517,5
1518,12
1519,11
1520,5
1521,32
1522,10
1523,40
1524,34
1525,49
1526,30
1527,0
1528,3
1529,7
1530,29
1531,26
1532,10
1533,5
1534,10
1535,19
1536,0
1537,7
1538,34
1539,1
1540,24
1541,14
1542,22
1543,0
1544,10
1545,0
1546,0
1547,10
1548,30
1549,30
1550,0
1551,5
1552,10
1553,22
1554,12
1555,48
1556,19
1557,38
1558,31
1559,0
1560,25
1561,12
1562,5
1563,23
1564,22
1565,2
1566,4
1567,41
1568,0
1569,16
1570,23
1571,0
1572,31
1573,26
1574,6
1575,0
1576,0
1577,18
1578,22
1579,30
1580,3
1581,18
1582,1
1583,7
1584,15
1585,23
1586,22
1587,0
1588,10
1589,1
1590,20
1591,1
1592,22
1593,30
1594,0
1595,16
1596,5
1597,31
1598,0
1599,22
1600,13
1601,36
1602,22
1603,40
1604,5
1605,0
1606,23
1607,18
1608,6
1609,36
1610,37
1611,16
1612,0
1613,0
1614,0
1615,14
1616,0
1617,14
1618,23
1619,16
1620,45
1621,9
1622,30
1623,0
1624,1
1625,10
1626,33
1627,5
1628,13
1629,0
1630,0
1631,10
1632,20
1633,20
1634,41
1635,50
1636,5
1637,10
1638,10
1639,23
1640,20
1641,0
1642,5
1643,40
1644,0
1645,40
1646,0
1647,5
1648,16
1649,22
1650,10
1651,5
1652,12
1653,22
1654,30
1655,16
1656,18
1657,0
1658,7
1659,6
1660,14
1661,46
1662,32
1663,9
1664,7
1665,22
1666,15
1667,8
1668,36
1669,0
1670,14
1671,37
1672,3
1673,30
1674,19
1675,3
1676,11
1677,6
1678,49
1679,31
1680,23
1681,0
1682,7
1683,44
1684,0
1685,11
1686,0
1687,19
1688,7
1689,0
1690,29
1691,3
1692,10
1693,36
1694,41
1695,0
1696,37
1697,3
1698,30
1699,18
1700,1
1701,18
1702,40
1703,30
1704,8
1705,28
1706,1
1707,26
1708,48
1709,31
1710,7
1711,1
1712,5
1713,50
1714,0
1715,0
1716,0
1717,12
1718,5
1719,7
1720,13
1721,18
1722,38
1723,0
1724,0
1725,48
1726,12
1727,7
1728,23
1729,14
1730,27
1731,30
1732,7
1733,24
1734,45
1735,0
1736,36
1737,4
1738,7
1739,30
1740,0
1741,23
1742,1
1743,23
1744,0
1745,5
1746,3
1747,4
1748,27
1749,0
1750,11
1751,0
1752,34
1753,0
1754,10
1755,14
1756,21
1757,42
1758,0
1759,0
1760,20
1761,25
1762,0
1763,31
1764,38
1765,45
1766,7
1767,18
1768,13
1769,14
1770,12
1771,0
1772,7
1773,27
1774,27
1775,18
1776,11
1777,49
1778,50
1779,7
1780,7
1781,25
1782,0
1783,14
1784,0
1785,23
1786,3
1787,0
1788,18
1789,30
1790,16
1791,40
1792,10
1793,19
1794,5
1795,23
1796,29
1797,12
1798,14
1799,23
1800,22
1801,44
1802,15
1803,23
1804,10
1805,1
1806,49
1807,7
1808,3
1809,22
1810,0
1811,40
1812,22
1813,21
1814,0
1815,30
1816,30
1817,21
1818,36
1819,5
1820,4
1821,11
1822,30
1823,9
1824,15
1825,44
1826,0
1827,7
1828,1
1829,0
1830,0
1831,0
1832,0
1833,40
1834,1
1835,40
1836,49
1837,1
1838,16
1839,38
1840,40
1841,5
1842,23
1843,0
1844,0
1845,3
1846,30
1847,3
1848,0
1849,9
1850,0
1851,25
1852,30
1853,12
1854,10
1855,35
1856,14
1857,13
1858,31
1859,9
1860,3
1861,0
1862,0
1863,49
1864,3
1865,30
1866,14
1867,1
1868,17
1869,0
1870,42
1871,30
1872,0
1873,5
1874,0
1875,14
1876,23
1877,1
1878,30
1879,11
1880,30
1881,23
1882,12
1883,41
1884,22
1885,5
1886,13
1887,0
1888,5
1889,7
1890,11
1891,22
1892,30
1893,4
1894,12
1895,0
1896,18
1897,10
1898,50
1899,0
1900,15
1901,26
1902,23
1903,23
1904,0
1905,9
1906,29
1907,30
1908,7
1909,16
1910,3
1911,16
1912,23
1913,40
1914,0
1915,11
1916,5
1917,30
1918,27
1919,30
1920,37
1921,36
1922,33
1923,42
1924,5
1925,10
1926,19
1927,8
1928,8
1929,34
1930,0
1931,1
1932,23
1933,24
1934,0
1935,0
1936,31
1937,0
1938,0
1939,30
1940,10
1941,23
1942,26
1943,41
1944,30
1945,9
1946,38
1947,48
1948,26
1949,23
1950,0
1951,7
1952,7
1953,31
1954,5
1955,26
1956,48
1957,14
1958,1
1959,3
1960,30
1961,27
1962,0
1963,16
1964,7
1965,21
1966,0
1967,7
1968,0
1969,14
1970,15
1971,18
1972,16
1973,10
1974,18
1975,14
1976,7
1977,21
1978,7
1979,7
1980,5
1981,0
1982,0
1983,12
1984,1
1985,0
1986,5
1987,5
1988,10
1989,5
1990,0
1991,1
1992,0
1993,30
1994,11
1995,6
1996,1
1997,7
1998,2
1999,16
2000,0
2001,16
2002,30
2003,30
2004,0
2005,23
2006,16
2007,26
2008,1
2009,1
2010,30
2011,0
2012,24
2013,14
2014,5
2015,0
2016,0
2017,3
2018,16
2019,40
2020,30
2021,26
2022,3
2023,0
2024,12
2025,14
2026,33
2027,5
2028,1
2029,23
2030,23
2031,21
2032,0
2033,4
2034,8
2035,12
2036,5
2037,0
2038,37
2039,31
2040,24
2041,24
2042,30
2043,31
2044,30
2045,30
2046,13
2047,12
2048,40
2049,30
2050,30
2051,35
2052,7
2053,42
2054,5
2055,1
2056,1
2057,11
2058,19
2059,19
2060,40
2061,5
2062,31
2063,39
2064,12
2065,1
2066,0
2067,30
2068,22
2069,18
2070,14
2071,18
2072,0
2073,29
2074,48
2075,18
2076,0
2077,31
2078,0
2079,40
2080,11
2081,36
2082,14
2083,31
2084,18
2085,40
2086,23
2087,30
2088,34
2089,47
2090,0
2091,26
2092,49
2093,0
2094,7
2095,44
2096,8
2097,9
2098,40
2099,49
2100,30
2101,22
2102,16
2103,5
2104,6
2105,0
2106,22
2107,12
2108,3
2109,0
2110,0
2111,10
2112,48
2113,7
2114,17
2115,18
2116,5
2117,0
2118,5
2119,5
2120,30
2121,27
2122,27
2123,0
2124,21
2125,26
2126,0
2127,1
2128,5
2129,30
2130,7
2131,33
2132,45
2133,0
2134,0
2135,30
2136,12
2137,5
2138,34
2139,18
2140,19
2141,29
2142,35
2143,5
2144,24
2145,9
2146,5
2147,23
2148,36
2149,18
2150,38
2151,16
2152,0
2153,32
2154,12
2155,37
2156,0
2157,9
2158,18
2159,31
2160,0
2161,0
2162,3
2163,40
2164,11
2165,15
2166,33
2167,11
2168,3
2169,0
2170,49
2171,5
2172,25
2173,26
2174,45
2175,7
2176,28
2177,13
2178,32
2179,1
2180,31
2181,3
2182,30
2183,38
2184,23
2185,18
2186,0
2187,50
2188,14
2189,3
2190,3
2191,26
2192,3
2193,0
2194,3
2195,40
2196,38
2197,18
2198,0
2199,47
2200,44
2201,30
2202,0
2203,27
2204,1
2205,42
2206,7
2207,22
2208,50
2209,33
2210,30
2211,50
2212,7
2213,3
2214,36
2215,1
2216,40
2217,10
2218,16
2219,16
2220,11
2221,16
2222,36
2223,9
2224,14
2225,11
2226,16
2227,33
2228,10
2229,0
2230,5
2231,0
2232,0
2233,25
2234,23
2235,0
2236,0
2237,6
2238,1
2239,14
2240,18
2241,28
2242,23
2243,41
2244,5
2245,0
2246,40
2247,12
2248,5
2249,42
2250,33
2251,7
2252,50
2253,18
2254,18
2255,30
2256,13
2257,0
2258,13
2259,1
2260,7
2261,37
2262,40
2263,30
2264,7
2265,11
2266,5
2267,23
2268,30
2269,14
2270,40
2271,7
2272,1
2273,0
2274,2
2275,0
2276,32
2277,8
2278,11
2279,40
2280,42
2281,0
2282,0
2283,0
2284,19
2285,0
2286,40
2287,12
2288,18
2289,1
2290,32
2291,0
2292,14
2293,44
2294,0
2295,0
2296,32
2297,0
2298,0
2299,22
2300,30
2301,5
2302,27
2303,31
2304,49
2305,50
2306,11
2307,30
2308,30
2309,29
2310,45
2311,30
2312,0
2313,26
2314,21
2315,0
2316,7
2317,25
2318,0
2319,7
2320,41
2321,18
2322,18
2323,19
2324,5
2325,8
2326,23
2327,30
2328,31
2329,7
2330,30
2331,3
2332,25
2333,50
2334,33
2335,41
2336,28
2337,49
2338,16
2339,15
2340,0
2341,16
2342,31
2343,0
2344,0
2345,3
2346,22
2347,30
2348,0
2349,0
2350,0
2351,45
2352,36
2353,23
2354,30
2355,0
2356,0
2357,10
2358,2
2359,45
2360,1
2361,32
2362,0
2363,3
2364,12
2365,32
2366,38
2367,23
2368,40
2369,38
2370,26
2371,30
2372,21
2373,23
2374,10
2375,6
2376,12
2377,0
2378,0
2379,25
2380,30
2381,14
2382,7
2383,0
2384,17
2385,14
2386,35
2387,0
2388,0
2389,14
2390,0
2391,18
2392,30
2393,30
2394,9
2395,5
2396,3
2397,0
2398,20
2399,28
2400,0
2401,11
2402,38
2403,18
2404,0
2405,1
2406,0
2407,18
2408,3
2409,1
2410,12
2411,7
2412,30
2413,7
2414,27
2415,24
2416,13
2417,9
2418,49
2419,1
2420,0
2421,3
2422,50
2423,1
2424,0
2425,0
2426,0
2427,12
2428,47
2429,1
2430,29
2431,27
2432,0
2433,0
2434,5
2435,42
2436,12
2437,12
2438,1
2439,14
2440,11
2441,29
2442,19
2443,0
2444,18
2445,31
2446,1
2447,11
2448,5
2449,0
2450,0
2451,0
2452,5
2453,0
2454,37
2455,29
2456,12
2457,22
2458,30
2459,0
2460,23
2461,12
2462,22
2463,0
2464,0
2465,1
2466,30
2467,20
2468,14
2469,12
2470,3
2471,3
2472,23
2473,0
2474,34
2475,0
2476,5
2477,12
2478,11
2479,11
2480,7
2481,0
2482,5
2483,0
2484,0
2485,19
2486,6
2487,7
2488,30
2489,0
2490,16
2491,23
2492,7
2493,9
2494,1
2495,40
2496,0
2497,23
2498,14
2499,18
2500,12
2501,0
2502,10
2503,32
2504,30
2505,40
2506,30
2507,11
2508,23
2509,0
2510,23
2511,0
2512,49
2513,0
2514,50
2515,5
2516,30
2517,49
2518,1
2519,12
2520,40
2521,14
2522,12
2523,3
2524,14
2525,31
2526,23
2527,32
2528,41
2529,18
2530,16
2531,5
2532,23
2533,0
2534,0
2535,18
2536,10
2537,0
2538,15
2539,0
2540,0
2541,30
2542,38
2543,0
2544,12
2545,0
2546,1
2547,13
2548,3
2549,5
2550,10
2551,22
2552,0
2553,11
2554,22
2555,0
2556,0
2557,29
2558,0
2559,26
2560,8
2561,6
2562,31
2563,36
2564,41
2565,27
2566,16
2567,22
2568,0
2569,0
2570,29
2571,11
2572,4
2573,0
2574,23
2575,36
2576,22
2577,0
2578,22
2579,6
2580,26
2581,30
2582,34
2583,19
2584,31
2585,24
2586,9
2587,5
2588,14
2589,7
2590,30
2591,50
2592,7
2593,31
2594,0
2595,10
2596,0
2597,0
2598,0
2599,0
2600,23
2601,16
2602,49
2603,23
2604,0
2605,39
2606,32
2607,36
2608,30
2609,13
2610,0
2611,29
2612,25
2613,12
2614,22
2615,30
2616,22
2617,14
2618,22
2619,25
2620,5
2621,40
2622,8
2623,7
2624,19
2625,30
2626,0
2627,23
2628,17
2629,8
2630,0
2631,31
2632,14
2633,14
2634,1
2635,37
2636,0
2637,0
2638,19
2639,19
2640,0
2641,17
2642,0
2643,5
2644,0
2645,1
2646,42
2647,0
2648,10
2649,7
2650,40
2651,23
2652,0
2653,1
2654,1
2655,37
2656,48
2657,20
2658,1
2659,1
2660,0
2661,30
2662,0
2663,31
2664,32
2665,18
2666,7
2667,1
2668,1
2669,1
2670,36
2671,0
2672,22
2673,16
2674,36
2675,0
2676,37
2677,30
2678,7
2679,0
2680,39
2681,3
2682,5
2683,0
2684,0
2685,0
2686,30
2687,23
2688,23
2689,15
2690,1
2691,40
2692,0
2693,30
2694,42
2695,23
2696,36
2697,32
2698,0
2699,30
2700,0
2701,22
2702,1
2703,22
2704,35
2705,7
2706,24
2707,45
2708,1
2709,0
2710,5
2711,6
2712,0
2713,17
2714,0
2715,12
2716,0
2717,22
2718,0
2719,1
2720,36
2721,0
2722,0
2723,25
2724,36
2725,1
2726,36
2727,0
2728,30
2729,30
2730,5
2731,3
2732,1
2733,15
2734,3
2735,21
2736,5
2737,18
2738,45
2739,32
2740,0
2741,28
2742,25
2743,28
2744,0
2745,16
2746,0
2747,7
2748,0
2749,1
2750,5
2751,13
2752,19
2753,7
2754,0
2755,1
2756,13
2757,36
2758,1
2759,42
2760,1
2761,18
2762,11
2763,0
2764,1
2765,0
2766,29
2767,3
2768,23
2769,0
2770,26
2771,20
2772,36
2773,0
2774,1
2775,30
2776,22
2777,33
2778,5
2779,42
2780,5
2781,0
2782,0
2783,29
2784,0
2785,1
2786,48
2787,37
2788,4
2789,26
2790,12
2791,26
2792,22
2793,23
2794,41
2795,0
2796,18
2797,18
2798,7
2799,5
2800,0
2801,0
2802,26
2803,0
2804,40
2805,31
2806,0
2807,0
2808,30
2809,18
2810,23
2811,31
2812,31
2813,48
2814,5
2815,5
2816,36
2817,0
2818,49
2819,0
2820,13
2821,0
2822,0
2823,42
2824,38
2825,22
2826,25
2827,0
2828,20
2829,0
2830,5
2831,0
2832,7
2833,1
2834,3
2835,11
2836,11
2837,14
2838,37
2839,0
2840,30
2841,20
2842,18
2843,50
2844,30
2845,18
2846,13
2847,18
2848,20
2849,40
2850,12
2851,7
2852,0
2853,0
2854,16
2855,11
2856,18
2857,30
2858,41
2859,23
2860,13
2861,0
2862,7
2863,30
2864,0
2865,47
2866,12
2867,31
2868,27
2869,7
2870,1
2871,22
2872,10
2873,38
2874,23
2875,21
2876,40
2877,36
2878,28
2879,31
2880,5
2881,36
2882,4
2883,31
2884,18
2885,0
2886,1
2887,0
2888,6
2889,8
2890,14
2891,0
2892,0
2893,38
2894,7
2895,23
2896,0
2897,5
2898,45
2899,0
2900,43
2901,0
2902,13
2903,18
2904,33
2905,0
2906,30
2907,40
2908,10
2909,14
2910,46
2911,7
2912,11
2913,21
2914,0
2915,10
2916,11
2917,5
2918,1
2919,14
2920,0
2921,0
2922,7
2923,7
2924,40
2925,7
2926,14
2927,44
2928,5
2929,36
2930,21
2931,22
2932,18
2933,30
2934,40
2935,41
2936,29
2937,27
2938,0
2939,27
2940,42
2941,40
2942,1
2943,9
2944,14
2945,40
2946,30
2947,36
2948,0
2949,10
2950,0
2951,14
2952,0
2953,31
2954,19
2955,5
2956,49
2957,24
2958,0
2959,36
2960,0
2961,16
2962,36
2963,22
2964,12
2965,22
2966,0
2967,20
2968,22
2969,7
2970,30
2971,0
2972,36
2973,12
2974,14
2975,50
2976,49
2977,3
2978,36
2979,4
2980,49
2981,16
2982,0
2983,40
2984,0
2985,1
2986,0
2987,0
2988,5
2989,18
2990,38
2991,23
2992,0
2993,5
2994,45
2995,0
2996,29
2997,32
2998,42
2999,40
3000,0
3001,10
3002,13
3003,14
3004,5
3005,18
3006,33
3007,0
3008,12
3009,34
3010,30
3011,10
3012,22
3013,12
3014,7
3015,27
3016,11
3017,0
3018,0
3019,33
3020,32
3021,31
3022,24
3023,7
3024,11
3025,20
3026,1
3027,5
3028,19
3029,36
3030,3
3031,40
3032,0
3033,15
3034,32
3035,22
3036,1
3037,19
3038,30
3039,23
3040,14
3041,7
3042,36
3043,32
3044,0
3045,10
3046,42
3047,49
3048,21
3049,23
3050,0
3051,3
3052,0
3053,22
3054,17
3055,29
3056,14
3057,14
3058,14
3059,1
3060,45
3061,22
3062,36
3063,7
3064,30
3065,3
3066,19
3067,18
3068,22
3069,13
3070,45
3071,30
3072,31
3073,3
3074,14
3075,7
3076,12
3077,16
3078,22
3079,40
3080,31
3081,0
3082,10
3083,12
3084,1
3085,0
3086,30
3087,17
3088,11
3089,0
3090,0
3091,30
3092,45
3093,5
3094,18
3095,38
3096,3
3097,0
3098,37
3099,0
3100,0
3101,0
3102,25
3103,32
3104,0
3105,1
3106,12
3107,14
3108,12
3109,1
3110,11
3111,39
3112,0
3113,5
3114,23
3115,6
3116,1
3117,14
3118,7
3119,18
3120,37
3121,26
3122,17
3123,18
3124,0
3125,14
3126,29
3127,16
3128,0
3129,42
3130,23
3131,0
3132,0
3133,30
3134,7
3135,42
3136,23
3137,13
3138,25
3139,0
3140,12
3141,0
3142,7
3143,0
3144,36
3145,32
3146,15
3147,14
3148,23
3149,23
3150,5
3151,1
3152,7
3153,45
3154,30
3155,38
3156,0
3157,23
3158,30
3159,6
3160,48
3161,50
3162,15
3163,12
3164,14
3165,43
3166,30
3167,30
3168,0
3169,0
3170,23
3171,5
3172,7
3173,36
3174,11
3175,7
3176,28
3177,13
3178,24
3179,33
3180,0
3181,1
3182,40
3183,29
3184,5
3185,0
3186,38
3187,7
3188,12
3189,23
3190,26
3191,0
3192,5
3193,3
3194,7
3195,30
3196,0
3197,24
3198,23
3199,22
3200,1
3201,18
3202,16
3203,1
3204,6
3205,3
3206,7
3207,7
3208,12
3209,6
3210,50
3211,27
3212,32
3213,0
3214,7
3215,30
3216,1
3217,37
3218,0
3219,3
3220,22
3221,5
3222,1
3223,34
3224,35
3225,27
3226,0
3227,1
3228,17
3229,30
3230,0
3231,0
3232,14
3233,30
3234,30
3235,40
3236,11
3237,18
3238,7
3239,7
3240,24
3241,3
3242,0
3243,5
3244,0
3245,10
3246,11
3247,40
3248,23
3249,0
3250,5
3251,19
3252,0
3253,0
3254,0
3255,11
3256,0
3257,7
3258,36
3259,30
3260,14
3261,42
3262,10
3263,18
3264,0
3265,18
3266,18
3267,0
3268,1
3269,1
3270,5
3271,50
3272,21
3273,30
3274,49
3275,7
3276,7
3277,50
3278,40
3279,1
3280,35
3281,24
3282,25
3283,40
3284,29
3285,0
3286,40
3287,11
3288,18
3289,0
3290,37
3291,14
3292,0
3293,5
3294,41
3295,30
3296,0
3297,0
3298,0
3299,45
3300,30
3301,13
3302,5
3303,41
3304,1
3305,19
3306,18
3307,2
3308,37
3309,0
3310,0
3311,30
3312,37
3313,12
3314,30
3315,11
3316,23
3317,7
3318,37
3319,50
3320,0
3321,0
3322,3
3323,30
3324,36
3325,0
3326,0
3327,24
3328,31
3329,0
3330,39
3331,10
3332,11
3333,23
3334,18
3335,1
3336,12
3337,1
3338,7
3339,38
3340,13
3341,27
3342,18
3343,24
3344,1
3345,16
3346,3
3347,20
3348,45
3349,36
3350,26
3351,10
3352,0
3353,5
3354,1
3355,36
3356,16
3357,40
3358,49
3359,5
3360,0
3361,26
3362,6
3363,0
3364,5
3365,0
3366,0
3367,4
3368,30
3369,23
3370,18
3371,14
3372,40
3373,20
3374,3
3375,23
3376,0
3377,43
3378,0
3379,0
3380,0
3381,14
3382,1
3383,16
3384,1
3385,26
3386,41
3387,34
3388,5
3389,14
3390,23
3391,49
3392,0
3393,6
3394,31
3395,1
3396,0
3397,18
3398,30
3399,12
3400,2
3401,0
3402,19
3403,24
3404,26
3405,45
3406,36
3407,1
3408,6
3409,7
3410,37
3411,10
3412,0
3413,6
3414,23
3415,0
3416,14
3417,22
3418,0
3419,23
3420,0
3421,30
3422,0
3423,10
3424,45
3425,40
3426,42
3427,22
3428,34
3429,1
3430,22
3431,0
3432,5
3433,0
3434,41
3435,23
3436,1
3437,19
3438,31
3439,40
3440,40
3441,8
3442,23
3443,1
3444,19
3445,11
3446,44
3447,0
3448,0
3449,0
3450,42
3451,0
3452,18
3453,5
3454,1
3455,0
3456,25
3457,0
3458,40
3459,18
3460,5
3461,34
3462,31
3463,1
3464,0
3465,18
3466,23
3467,30
3468,0
3469,47
3470,24
3471,38
3472,22
3473,13
3474,0
3475,4
3476,32
3477,36
3478,1
3479,40
3480,24
3481,7
3482,0
3483,0
3484,49
3485,10
3486,28
3487,34
3488,0
3489,5
3490,12
3491,40
3492,47
3493,15
3494,0
3495,49
3496,26
3497,7
3498,19
3499,34
3500,1
3501,0
3502,0
3503,15
3504,19
3505,40
3506,0
3507,49
3508,0
3509,1
3510,40
3511,18
3512,10
3513,21
3514,5
3515,36
3516,11
3517,23
3518,5
3519,41
3520,19
3521,30
3522,39
3523,39
3524,7
3525,35
3526,5
3527,0
3528,32
3529,22
3530,0
3531,23
3532,42
3533,9
3534,0
3535,16
3536,1
3537,15
3538,5
3539,41
3540,11
3541,22
3542,2
3543,0
3544,19
3545,40
3546,30
3547,30
3548,35
3549,0
3550,1
3551,49
3552,7
3553,24
3554,14
3555,36
3556,30
3557,30
3558,35
3559,9
3560,31
3561,40
3562,0
3563,45
3564,30
3565,14
3566,11
3567,29
3568,44
3569,0
3570,19
3571,23
3572,14
3573,14
3574,7
3575,0
3576,13
3577,3
3578,29
3579,5
3580,35
3581,40
3582,0
3583,12
3584,37
3585,25
3586,7
3587,16
3588,5
3589,20
3590,23
3591,7
3592,23
3593,35
3594,0
3595,31
3596,30
3597,50
3598,40
3599,12
3600,35
3601,1
3602,22
3603,20
3604,16
3605,11
3606,1
3607,10
3608,42
3609,22
3610,1
3611,40
3612,22
3613,1
3614,30
3615,34
3616,12
3617,27
3618,30
3619,18
3620,7
3621,49
3622,0
3623,30
3624,0
3625,31
3626,0
3627,1
3628,24
3629,14
3630,0
3631,1
3632,14
3633,23
3634,9
3635,16
3636,21
3637,11
3638,0
3639,1
3640,0
3641,24
3642,30
3643,1
3644,0
3645,9
3646,22
3647,12
3648,7
3649,0
3650,1
3651,16
3652,30
3653,27
3654,30
3655,0
3656,42
3657,5
3658,49
3659,0
3660,40
3661,0
3662,7
3663,28
3664,36
3665,30
3666,0
3667,19
3668,49
3669,3
3670,7
3671,1
3672,30
3673,12
3674,6
3675,42
3676,50
3677,30
3678,42
3679,0
3680,18
3681,0
3682,30
3683,15
3684,22
3685,23
3686,11
3687,15
3688,0
3689,38
3690,5
3691,6
3692,16
3693,9
3694,16
3695,18
3696,18
3697,22
3698,0
3699,0
3700,36
3701,0
3702,23
3703,14
3704,0
3705,0
3706,8
3707,5
3708,5
3709,34
3710,5
3711,30
3712,1
3713,0
3714,10
3715,2
3716,1
3717,24
3718,16
3719,47
3720,33
3721,38
3722,0
3723,0
3724,10
3725,0
3726,11
3727,0
3728,23
3729,38
3730,0
3731,7
3732,0
3733,0
3734,44
3735,1
3736,3
3737,5
3738,8
3739,7
3740,16
3741,30
3742,40
3743,1
3744,0
3745,22
3746,20
3747,23
3748,0
3749,5
3750,30
3751,1
3752,13
3753,14
3754,30
3755,42
3756,0
3757,11
3758,39
3759,5
3760,0
3761,11
3762,0
3763,1
3764,42
3765,30
3766,5
3767,27
3768,0
3769,14
3770,3
3771,25
3772,30
3773,11
3774,11
3775,21
3776,39
3777,0
3778,7
3779,0
3780,11
3781,7
3782,16
3783,10
3784,24
3785,9
3786,12
3787,5
3788,11
3789,9
3790,18
3791,28
3792,30
3793,22
3794,7
3795,13
3796,27
3797,49
3798,18
3799,22
3800,30
3801,0
3802,23
3803,5
3804,28
3805,0
3806,0
3807,0
3808,5
3809,40
3810,0
3811,14
3812,11
3813,6
3814,1
3815,37
3816,30
3817,5
3818,44
3819,0
3820,27
3821,40
3822,32
3823,0
3824,18
3825,45
3826,8
3827,0
3828,0
3829,31
3830,1
3831,0
3832,0
3833,15
3834,0
3835,27
3836,45
3837,31
3838,28
3839,19
3840,1
3841,0
3842,48
3843,0
3844,0
3845,23
3846,21
3847,20
3848,15
3849,27
3850,10
3851,0
3852,30
3853,35
3854,0
3855,37
3856,42
3857,15
3858,0
3859,25
3860,7
3861,14
3862,7
3863,18
3864,37
3865,0
3866,23
3867,12
3868,12
3869,3
3870,0
3871,37
3872,23
3873,15
3874,36
3875,21
3876,19
3877,30
3878,27
3879,1
3880,10
3881,5
3882,14
3883,7
3884,0
3885,32
3886,11
3887,30
3888,27
3889,9
3890,39
3891,5
3892,13
3893,30
3894,37
3895,37
3896,11
3897,47
3898,1
3899,5
3900,30
3901,11
3902,22
3903,36
3904,23
3905,20
3906,23
3907,40
3908,16
3909,40
3910,40
3911,36
3912,44
3913,0
3914,0
3915,16
3916,30
3917,1
3918,34
3919,7
3920,0
3921,22
3922,47
3923,14
3924,22
3925,36
3926,23
3927,0
3928,25
3929,40
3930,30
3931,1
3932,41
3933,1
3934,9
3935,0
3936,44
3937,14
3938,14
3939,22
3940,27
3941,1
3942,40
3943,44
3944,0
3945,45
3946,0
3947,24
3948,42
3949,40
3950,8
3951,6
3952,23
3953,15
3954,12
3955,0
3956,14
3957,42
3958,36
3959,45
3960,33
3961,12
3962,47
3963,23
3964,20
3965,36
3966,17
3967,23
3968,4
3969,9
3970,0
3971,34
3972,15
3973,0
3974,3
3975,1
3976,14
3977,30
3978,13
3979,7
3980,0
3981,14
3982,30
3983,0
3984,49
3985,18
3986,40
3987,0
3988,1
3989,17
3990,1
3991,50
3992,18
3993,9
3994,12
3995,7
3996,2
3997,9
3998,30
3999,23
4000,46
4001,42
4002,30
4003,0
4004,0
4005,7
4006,38
4007,1
4008,18
4009,30
4010,1
4011,3
4012,5
4013,31
4014,2
4015,30
4016,30
4017,31
4018,3
4019,14
4020,7
4021,30
4022,1
4023,18
4024,20
4025,40
4026,40
4027,49
4028,40
4029,18
4030,18
4031,0
4032,45
4033,14
4034,34
4035,33
4036,0
4037,0
4038,0
4039,18
4040,30
4041,0
4042,32
4043,38
4044,38
4045,44
4046,18
4047,28
4048,5
4049,30
4050,10
4051,36
4052,25
4053,0
4054,40
4055,23
4056,30
4057,1
4058,7
4059,12
4060,30
4061,30
4062,30
4063,21
4064,0
4065,39
4066,17
4067,20
4068,30
4069,20
4070,18
4071,13
4072,25
4073,22
4074,22
4075,0
4076,0
4077,26
4078,0
4079,14
4080,3
4081,30
4082,28
4083,0
4084,20
4085,20
4086,0
4087,32
4088,40
4089,40
4090,16
4091,0
4092,0
4093,0
4094,31
4095,34
4096,23
4097,30
4098,49
4099,0
4100,0
4101,39
4102,30
4103,30
4104,18
4105,0
4106,31
4107,5
4108,36
4109,18
4110,41
4111,14
4112,7
4113,42
4114,32
4115,5
4116,0
4117,0
4118,14
4119,44
4120,18
4121,30
4122,2
4123,18
4124,0
4125,13
4126,16
4127,40
4128,0
4129,29
4130,27
4131,42
4132,0
4133,12
4134,5
4135,30
4136,32
4137,7
4138,45
4139,9
4140,23
4141,5
4142,41
4143,49
4144,0
4145,47
4146,0
4147,5
4148,28
4149,6
4150,10
4151,12
4152,17
4153,40
4154,0
4155,32
4156,37
4157,33
4158,13
4159,0
4160,17
4161,5
4162,5
4163,0
4164,23
4165,25
4166,24
4167,0
4168,39
4169,3
4170,32
4171,41
4172,40
4173,30
4174,30
4175,12
4176,18
4177,0
4178,13
4179,18
4180,0
4181,48
4182,14
4183,5
4184,24
4185,48
4186,1
4187,0
4188,0
4189,0
4190,48
4191,5
4192,0
4193,10
4194,30
4195,14
4196,7
4197,14
4198,48
4199,27
4200,5
4201,26
4202,40
4203,3
4204,1
4205,0
4206,35
4207,37
4208,5
4209,0
4210,0
4211,40
4212,5
4213,12
4214,30
4215,1
4216,1
4217,22
4218,31
4219,39
4220,25
4221,27
4222,37
4223,18
4224,28
4225,26
4226,0
4227,0
4228,3
4229,12
4230,48
4231,5
4232,7
4233,6
4234,42
4235,31
4236,3
4237,30
4238,35
4239,31
4240,18
4241,30
4242,30
4243,5
4244,33
4245,0
4246,0
4247,0
4248,23
4249,22
4250,0
4251,31
4252,6
4253,22
4254,0
4255,12
4256,0
4257,25
4258,7
4259,18
4260,32
4261,40
4262,22
4263,9
4264,7
4265,14
4266,34
4267,0
4268,19
4269,19
4270,5
4271,5
4272,1
4273,0
4274,5
4275,0
4276,11
4277,42
4278,7
4279,14
4280,0
4281,11
4282,3
4283,5
4284,0
4285,12
4286,18
4287,13
4288,14
4289,36
4290,36
4291,26
4292,41
4293,12
4294,0
4295,16
4296,9
4297,18
4298,5
4299,1
4300,11
4301,0
4302,30
4303,0
4304,0
4305,7
4306,4
4307,36
4308,12
4309,18
4310,0
4311,30
4312,5
4313,10
4314,30
4315,15
4316,23
4317,18
4318,22
4319,42
4320,37
4321,4
4322,40
4323,30
4324,37
4325,49
4326,7
4327,30
4328,10
4329,5
4330,5
4331,5
4332,23
4333,31
4334,25
4335,0
4336,14
4337,49
4338,1
4339,32
4340,0
4341,26
4342,0
4343,28
4344,30
4345,1
4346,5
4347,0
4348,7
4349,3
4350,12
4351,14
4352,26
4353,31
4354,15
4355,0
4356,3
4357,14
4358,24
4359,36
4360,10
4361,0
4362,5
4363,30
4364,3
4365,8
4366,32
4367,23
4368,38
4369,24
4370,12
4371,12
4372,0
4373,7
4374,0
4375,18
4376,0
4377,0
4378,11
4379,16
4380,1
4381,14
4382,18
4383,10
4384,0
4385,30
4386,0
4387,40
4388,3
4389,1
4390,9
4391,9
4392,23
4393,29
4394,0
4395,16
4396,15
4397,0
4398,0
4399,30
4400,20
4401,22
4402,7
4403,23
4404,40
4405,48
4406,28
4407,26
4408,16
4409,1
4410,0
4411,18
4412,26
4413,0
4414,18
4415,5
4416,5
4417,15
4418,23
4419,0
4420,30
4421,10
4422,31
4423,16
4424,31
4425,23
4426,18
4427,9
4428,20
4429,18
4430,5
4431,30
4432,36
4433,30
4434,12
4435,0
4436,33
4437,3
4438,22
4439,0
4440,0
4441,32
4442,30
4443,5
4444,1
4445,45
4446,0
4447,42
4448,23
4449,37
4450,30
4451,1
4452,48
4453,7
4454,3
4455,5
4456,9
4457,44
4458,0
4459,5
4460,7
4461,14
4462,12
4463,30
4464,0
4465,16
4466,20
4467,13
4468,14
4469,3
4470,32
4471,30
4472,14
4473,3
4474,19
4475,0
4476,10
4477,30
4478,40
4479,0
4480,18
4481,0
4482,31
4483,38
4484,26
4485,12
4486,37
4487,20
4488,0
4489,0
4490,38
4491,22
4492,0
4493,23
4494,31
4495,10
4496,0
4497,1
4498,6
4499,37
4500,0
4501,40
4502,0
4503,11
4504,0
4505,32
4506,14
4507,0
4508,48
4509,0
4510,0
4511,16
4512,10
4513,5
4514,47
4515,1
4516,23
4517,45
4518,7
4519,10
4520,18
4521,0
4522,1
4523,33
4524,34
4525,30
4526,5
4527,45
4528,30
4529,0
4530,18
4531,11
4532,19
4533,2
4534,12
4535,14
4536,49
4537,0
4538,36
4539,5
4540,14
4541,48
4542,29
4543,27
4544,10
4545,12
4546,40
4547,6
4548,1
4549,21
4550,0
4551,7
4552,1
4553,0
4554,3
4555,0
4556,31
4557,14
4558,23
4559,10
4560,50
4561,30
4562,3
4563,3
4564,5
4565,12
4566,23
4567,31
4568,30
4569,0
4570,25
4571,40
4572,2
4573,29
4574,0
4575,0
4576,40
4577,23
4578,0
4579,0
4580,30
4581,2
4582,30
4583,1
4584,0
4585,0
4586,11
4587,6
4588,40
4589,50
4590,7
4591,0
4592,40
4593,12
4594,3
4595,23
4596,13
4597,2
4598,0
4599,18
4600,13
4601,6
4602,8
4603,1
4604,22
4605,3
4606,22
4607,18
4608,0
4609,18
4610,1
4611,0
4612,1
4613,0
4614,30
4615,0
4616,29
4617,0
4618,0
4619,22
4620,30
4621,0
4622,0
4623,14
4624,15
4625,8
4626,22
4627,38
4628,0
4629,11
4630,9
4631,30
4632,22
4633,0
4634,0
4635,5
4636,1
4637,2
4638,47
4639,0
4640,0
4641,40
4642,2
4643,40
4644,40
4645,50
4646,7
4647,12
4648,25
4649,5
4650,29
4651,50
4652,18
4653,15
4654,0
4655,33
4656,26
4657,0
4658,49
4659,30
4660,47
4661,22
4662,0
4663,0
4664,0
4665,37
4666,1
4667,1
4668,7
4669,0
4670,0
4671,1
4672,27
4673,23
4674,3
4675,30
4676,16
4677,34
4678,0
4679,0
4680,8
4681,3
4682,30
4683,1
4684,22
4685,8
4686,23
4687,10
4688,5
4689,3
4690,1
4691,13
4692,18
4693,0
4694,27
4695,16
4696,40
4697,0
4698,18
4699,13
4700,40
4701,0
4702,0
4703,0
4704,49
4705,42
4706,12
4707,35
4708,0
4709,23
4710,40
4711,0
4712,20
4713,26
4714,18
4715,5
4716,18
4717,0
4718,30
4719,23
4720,7
4721,5
4722,1
4723,30
4724,21
4725,0
4726,39
4727,5
4728,12
4729,19
4730,33
4731,0
4732,30
4733,16
4734,38
4735,34
4736,37
4737,19
4738,30
4739,40
4740,31
4741,36
4742,33
4743,1
4744,0
4745,5
4746,13
4747,3
4748,10
4749,16
4750,2
4751,22
4752,36
4753,37
4754,14
4755,24
4756,0
4757,23
4758,7
4759,10
4760,1
4761,16
4762,15
4763,5
4764,5
4765,7
4766,30
4767,18
4768,7
4769,5
4770,23
4771,1
4772,0
4773,8
4774,0
4775,21
4776,24
4777,12
4778,49
4779,49
4780,12
4781,0
4782,34
4783,3
4784,0
4785,22
4786,0
4787,19
4788,50
4789,0
4790,23
4791,38
4792,40
4793,41
4794,27
4795,20
4796,35
4797,1
4798,0
4799,16
4800,0
4801,14
4802,8
4803,5
4804,34
4805,0
4806,24
4807,27
4808,40
4809,0
4810,0
4811,30
4812,0
4813,0
4814,1
4815,27
4816,12
4817,0
4818,14
4819,0
4820,30
4821,0
4822,5
4823,13
4824,19
4825,1
4826,30
4827,0
4828,0
4829,36
4830,11
4831,30
4832,30
4833,0
4834,40
4835,30
4836,0
4837,1
4838,5
4839,4
4840,49
4841,10
4842,5
4843,27
4844,30
4845,5
4846,0
4847,25
4848,5
4849,22
4850,9
4851,12
4852,16
4853,0
4854,17
4855,16
4856,0
4857,0
4858,0
4859,5
4860,31
4861,41
4862,1
4863,40
4864,30
4865,0
4866,23
4867,36
4868,30
4869,18
4870,0
4871,50
4872,12
4873,7
4874,0
4875,45
4876,30
4877,14
4878,5
4879,0
4880,0
4881,16
4882,6
4883,17
4884,41
4885,4
4886,27
4887,30
4888,13
4889,24
4890,41
4891,35
4892,7
4893,1
4894,0
4895,19
4896,16
4897,7
4898,23
4899,7
4900,0
4901,40
4902,0
4903,9
4904,0
4905,32
4906,7
4907,5
4908,23
4909,30
4910,24
4911,0
4912,22
4913,11
4914,30
4915,10
4916,32
4917,22
4918,0
4919,11
4920,18
4921,38
4922,30
4923,26
4924,0
4925,23
4926,10
4927,9
4928,31
4929,33
4930,23
4931,4
4932,7
4933,0
4934,32
4935,30
4936,16
4937,0
4938,18
4939,40
4940,16
4941,16
4942,23
4943,30
4944,16
4945,22
4946,37
4947,0
4948,44
4949,7
4950,0
4951,31
4952,0
4953,22
4954,7
4955,23
4956,43
4957,50
4958,26
4959,7
4960,0
4961,49
4962,30
4963,14
4964,4
4965,10
4966,22
4967,22
4968,23
4969,0
4970,14
4971,6
4972,36
4973,5
4974,4
4975,0
4976,0
4977,1
4978,5
4979,0
4980,3
4981,36
4982,25
4983,5
4984,42
4985,8
4986,18
4987,40
4988,0
4989,23
4990,23
4991,18
4992,5
4993,29
4994,26
4995,30
4996,0
4997,14
4998,5
4999,30
5000,3
5001,0
5002,6
5003,7
5004,14
5005,9
5006,40
5007,41
5008,5
5009,0
5010,25
5011,32
5012,5
5013,40
5014,13
5015,22
5016,19
5017,0
5018,0
5019,1
5020,33
5021,36
5022,0
5023,1
5024,22
5025,48
5026,1
5027,36
5028,10
5029,0
5030,45
5031,49
5032,22
5033,19
5034,13
5035,38
5036,29
5037,32
5038,7
5039,5
5040,0
5041,1
5042,0
5043,7
5044,8
5045,9
5046,23
5047,18
5048,0
5049,35
5050,0
5051,11
5052,0
5053,36
5054,0
5055,22
5056,0
5057,13
5058,29
5059,7
5060,1
5061,30
5062,0
5063,30
5064,6
5065,7
5066,0
5067,30
5068,9
5069,26
5070,41
5071,1
5072,0
5073,25
5074,36
5075,0
5076,0
5077,36
5078,38
5079,14
5080,42
5081,3
5082,32
5083,12
5084,38
5085,10
5086,5
5087,42
5088,13
5089,14
5090,31
5091,0
5092,48
5093,4
5094,1
5095,29
5096,0
5097,16
5098,22
5099,42
5100,26
5101,1
5102,12
5103,30
5104,5
5105,5
5106,11
5107,0
5108,23
5109,11
5110,37
5111,0
5112,22
5113,0
5114,27
5115,0
5116,10
5117,30
5118,18
5119,19
5120,50
5121,30
5122,22
5123,12
5124,11
5125,43
5126,0
5127,1
5128,6
5129,30
5130,15
5131,22
5132,30
5133,1
5134,20
5135,9
5136,0
5137,14
5138,12
5139,0
5140,10
5141,5
5142,27
5143,0
5144,5
5145,30
5146,0
5147,0
5148,10
5149,12
5150,3
5151,12
5152,21
5153,19
5154,23
5155,50
5156,0
5157,0
5158,36
5159,12
5160,30
5161,30
5162,19
5163,14
5164,0
5165,30
5166,27
5167,18
5168,3
5169,14
5170,7
5171,30
5172,30
5173,33
5174,12
5175,39
5176,12
5177,3
5178,30
5179,0
5180,0
5181,13
5182,11
5183,0
5184,30
5185,5
5186,31
5187,0
5188,9
5189,16
5190,0
5191,30
5192,5
5193,30
5194,23
5195,10
5196,29
5197,16
5198,3
5199,36
5200,1
5201,11
5202,16
5203,7
5204,0
5205,10
5206,0
5207,7
5208,30
5209,45
5210,40
5211,30
5212,16
5213,5
5214,13
5215,11
5216,0
5217,11
5218,0
5219,30
5220,7
5221,25
5222,47
5223,3
5224,22
5225,36
5226,0
5227,11
5228,0
5229,0
5230,7
5231,18
5232,13
5233,23
5234,0
5235,47
5236,7
5237,3
5238,22
5239,30
5240,31
5241,36
5242,30
5243,40
5244,0
5245,0
5246,3
5247,20
5248,36
5249,0
5250,40
5251,22
5252,0
5253,0
5254,41
5255,5
5256,30
5257,1
5258,0
5259,41
5260,0
5261,3
5262,32
5263,29
5264,14
5265,9
5266,7
5267,5
5268,1
5269,22
5270,0
5271,36
5272,7
5273,40
5274,21
5275,1
5276,36
5277,23
5278,0
5279,23
5280,16
5281,47
5282,0
5283,0
5284,0
5285,0
5286,30
5287,22
5288,0
5289,22
5290,41
5291,0
5292,18
5293,3
5294,0
5295,25
5296,0
5297,12
5298,0
5299,5
5300,12
5301,11
5302,0
5303,7
5304,0
5305,23
5306,47
5307,20
5308,7
5309,2
5310,1
5311,0
5312,30
5313,1
5314,12
5315,45
5316,35
5317,36
5318,19
5319,30
5320,36
5321,6
5322,3
5323,5
5324,0
5325,0
5326,14
5327,1
5328,11
5329,12
5330,17
5331,14
5332,50
5333,1
5334,30
5335,7
5336,7
5337,12
5338,1
5339,0
5340,19
5341,7
5342,14
5343,5
5344,0
5345,17
5346,23
5347,49
5348,23
5349,32
5350,25
5351,18
5352,0
5353,29
5354,16
5355,36
5356,35
5357,11
5358,43
5359,14
5360,40
5361,44
5362,5
5363,22
5364,23
5365,30
5366,0
5367,48
5368,30
5369,6
5370,23
5371,12
5372,11
5373,44
5374,5
5375,16
5376,40
5377,1
5378,4
5379,32
5380,30
5381,1
5382,14
5383,23
5384,0
5385,0
5386,27
5387,0
5388,0
5389,1
5390,0
5391,0
5392,18
5393,1
5394,22
5395,5
5396,14
5397,12
5398,0
5399,49
5400,40
5401,7
5402,40
5403,25
5404,0
5405,46
5406,23
5407,11
5408,23
5409,14
5410,48
5411,18
5412,40
5413,7
5414,30
5415,5
5416,17
5417,18
5418,30
5419,0
5420,9
5421,42
5422,40
5423,0
5424,16
5425,0
5426,12
5427,14
5428,3
5429,47
5430,0
5431,30
5432,29
5433,30
5434,26
5435,1
5436,15
5437,22
5438,45
5439,40
5440,5
5441,0
5442,12
5443,16
5444,31
5445,0
5446,0
5447,46
5448,0
5449,0
5450,0
5451,5
5452,14
5453,30
5454,7
5455,0
5456,0
5457,0
5458,18
5459,29
5460,5
5461,5
5462,36
5463,40
5464,0
5465,9
5466,25
5467,12
5468,37
5469,14
5470,16
5471,32
5472,0
5473,36
5474,5
5475,38
5476,26
5477,17
5478,37
5479,7
5480,18
5481,12
5482,0
5483,14
5484,0
5485,22
5486,0
5487,41
5488,22
5489,5
5490,30
5491,42
5492,23
5493,40
5494,7
5495,30
5496,0
5497,7
5498,0
5499,18
5500,23
5501,0
5502,28
5503,18
5504,0
5505,13
5506,14
5507,28
5508,0
5509,18
5510,0
5511,3
5512,9
5513,38
5514,3
5515,0
5516,30
5517,7
5518,30
5519,0
5520,30
5521,23
5522,0
5523,32
5524,48
5525,32
5526,34
5527,40
5528,34
5529,0
5530,3
5531,12
5532,0
5533,41
5534,1
5535,19
5536,30
5537,40
5538,0
5539,31
5540,17
5541,11
5542,12
5543,22
5544,1
5545,10
5546,19
5547,5
5548,46
5549,27
5550,10
5551,23
5552,18
5553,1
5554,10
5555,14
5556,0
5557,21
5558,0
5559,26
5560,41
5561,0
5562,3
5563,3
5564,30
5565,49
5566,12
5567,11
5568,10
5569,23
5570,18
5571,30
5572,14
5573,19
5574,5
5575,23
5576,0
5577,0
5578,32
5579,36
5580,0
5581,14
5582,18
5583,16
5584,41
5585,10
5586,14
5587,44
5588,5
5589,18
5590,5
5591,25
5592,22
5593,49
5594,12
5595,30
5596,12
5597,1
5598,0
5599,6
5600,3
5601,30
5602,0
5603,20
5604,0
5605,0
5606,37
5607,0
5608,0
5609,36
5610,18
5611,5
5612,11
5613,12
5614,30
5615,23
5616,30
5617,29
5618,5
5619,1
5620,1
5621,49
5622,0
5623,23
5624,49
5625,12
5626,30
5627,16
5628,14
5629,0
5630,3
5631,47
5632,0
5633,18
5634,1
5635,0
5636,23
5637,40
5638,36
5639,22
5640,22
5641,22
5642,22
5643,15
5644,18
5645,36
5646,0
5647,13
5648,0
5649,0
5650,22
5651,50
5652,11
5653,0
5654,0
5655,29
5656,17
5657,22
5658,22
5659,20
5660,0
5661,0
5662,7
5663,0
5664,5
5665,35
5666,14
5667,0
5668,0
5669,0
5670,18
5671,0
5672,0
5673,0
5674,0
5675,45
5676,26
5677,23
5678,18
5679,23
5680,18
5681,30
5682,8
5683,25
5684,1
5685,7
5686,7
5687,27
5688,7
5689,0
5690,0
5691,26
5692,12
5693,0
5694,10
5695,0
5696,0
5697,1
5698,14
5699,42
5700,0
5701,14
5702,23
5703,30
5704,45
5705,48
5706,3
5707,18
5708,0
5709,23
5710,3
5711,7
5712,30
5713,50
5714,18
5715,0
5716,23
5717,30
5718,22
5719,25
5720,12
5721,22
5722,0
5723,23
5724,31
5725,18
5726,5
5727,23
5728,12
5729,0
5730,3
5731,0
5732,35
5733,1
5734,18
5735,3
5736,44
5737,1
5738,3
5739,0
5740,12
5741,11
5742,30
5743,0
5744,50
5745,3
5746,21
5747,1
5748,49
5749,7
5750,27
5751,19
5752,1
5753,0
5754,0
5755,36
5756,21
5757,0
5758,36
5759,0
5760,0
5761,30
5762,30
5763,38
5764,0
5765,0
5766,5
5767,31
5768,22
5769,0
5770,21
5771,0
5772,5
5773,0
5774,6
5775,1
5776,0
5777,6
5778,7
5779,35
5780,0
5781,23
5782,18
5783,15
5784,18
5785,12
5786,7
5787,3
5788,23
5789,30
5790,0
5791,22
5792,14
5793,19
5794,40
5795,0
5796,44
5797,1
5798,3
5799,0
5800,12
5801,9
5802,0
5803,0
5804,23
5805,47
5806,0
5807,3
5808,12
5809,36
5810,22
5811,5
5812,50
5813,43
5814,24
5815,10
5816,5
5817,0
5818,4
5819,40
5820,14
5821,0
5822,5
5823,45
5824,31
5825,18
5826,0
5827,0
5828,40
5829,0
5830,30
5831,5
5832,30
5833,14
5834,40
5835,7
5836,5
5837,31
5838,11
5839,32
5840,0
5841,0
5842,1
5843,3
5844,20
5845,5
5846,5
5847,1
5848,18
5849,36
5850,10
5851,12
5852,27
5853,12
5854,23
5855,0
5856,24
5857,30
5858,15
5859,9
5860,0
5861,9
5862,0
5863,12
5864,45
5865,12
5866,14
5867,23
5868,0
5869,14
5870,6
5871,10
5872,1
5873,10
5874,23
5875,7
5876,11
5877,9
5878,1
5879,23
5880,18
5881,0
5882,0
5883,22
5884,0
5885,30
5886,26
5887,1
5888,0
5889,35
5890,7
5891,5
5892,1
5893,0
5894,23
5895,0
5896,0
5897,0
5898,18
5899,5
5900,18
5901,14
5902,0
5903,50
5904,19
5905,21
5906,30
5907,26
5908,12
5909,0
5910,0
5911,40
5912,3
5913,24
5914,50
5915,9
5916,23
5917,0
5918,41
5919,1
5920,0
5921,7
5922,20
5923,5
5924,42
5925,36
5926,0
5927,16
5928,5
5929,40
5930,0
5931,5
5932,32
5933,0
5934,49
5935,22
5936,7
5937,44
5938,0
5939,12
5940,18
5941,13
5942,0
5943,7
5944,0
5945,18
5946,25
5947,0
5948,5
5949,5
5950,24
5951,1
5952,30
5953,42
5954,3
5955,18
5956,0
5957,0
5958,35
5959,22
5960,14
5961,0
5962,23
5963,23
5964,31
5965,0
5966,27
5967,16
5968,11
5969,1
5970,0
5971,40
5972,27
5973,28
5974,0
5975,0
5976,50
5977,41
5978,5
5979,0
5980,45
5981,0
5982,31
5983,30
5984,26
5985,1
5986,0
5987,49
5988,23
5989,1
5990,5
5991,1
5992,0
5993,14
5994,20
5995,1
5996,23
5997,38
5998,35
5999,16
6000,5
6001,5
6002,35
6003,28
6004,18
6005,0
6006,5
6007,0
6008,13
6009,1
6010,36
6011,18
6012,1
6013,5
6014,14
6015,7
6016,45
6017,41
6018,0
6019,9
6020,36
6021,28
6022,0
6023,24
6024,18
6025,7
6026,25
6027,40
6028,40
6029,40
6030,13
6031,20
6032,30
6033,29
6034,30
6035,5
6036,35
6037,23
6038,3
6039,50
6040,7
6041,41
6042,6
6043,23
6044,40
6045,30
6046,0
6047,5
6048,0
6049,1
6050,30
6051,0
6052,30
6053,25
6054,5
6055,13
6056,41
6057,38
6058,30
6059,6
6060,0
6061,10
6062,11
6063,12
6064,1
6065,22
6066,0
6067,18
6068,18
6069,1
6070,40
6071,29
6072,1
6073,30
6074,10
6075,6
6076,1
6077,18
6078,18
6079,24
6080,32
6081,5
6082,40
6083,40
6084,0
6085,30
6086,27
6087,0
6088,9
6089,1
6090,5
6091,17
6092,10
6093,18
6094,0
6095,5
6096,5
6097,1
6098,23
6099,14
6100,36
6101,32
6102,6
6103,14
6104,0
6105,12
6106,0
6107,30
6108,23
6109,0
6110,23
6111,0
6112,11
6113,36
6114,30
6115,5
6116,15
6117,0
6118,0
6119,22
6120,5
6121,0
6122,20
6123,0
6124,0
6125,23
6126,1
6127,38
6128,40
6129,0
6130,3
6131,0
6132,5
6133,10
6134,11
6135,14
6136,42
6137,19
6138,23
6139,30
6140,23
6141,14
6142,11
6143,3
6144,1
6145,0
6146,7
6147,37
6148,20
6149,26
6150,7
6151,12
6152,18
6153,14
6154,8
6155,8
6156,28
6157,0
6158,5
6159,0
6160,3
6161,49
6162,36
6163,22
6164,0
6165,20
6166,5
6167,12
6168,2
6169,0
6170,0
6171,15
6172,5
6173,0
6174,41
6175,0
6176,11
6177,14
6178,19
6179,45
6180,9
6181,49
6182,20
6183,30
6184,0
6185,1
6186,30
6187,5
6188,27
6189,31
6190,23
6191,0
6192,5
6193,45
6194,14
6195,36
6196,31
6197,7
6198,0
6199,30
6200,0
6201,35
6202,14
6203,14
6204,1
6205,25
6206,12
6207,20
6208,7
6209,13
6210,39
6211,40
6212,39
6213,1
6214,3
6215,41
6216,5
6217,0
6218,12
6219,22
6220,7
6221,5
6222,0
6223,7
6224,1
6225,19
6226,38
6227,22
6228,0
6229,40
6230,13
6231,0
6232,14
6233,40
6234,18
6235,19
6236,38
6237,5
6238,31
6239,23
6240,34
6241,0
6242,0
6243,1
6244,42
6245,1
6246,5
6247,15
6248,23
6249,5
6250,13
6251,1
6252,14
6253,18
6254,9
6255,34
6256,17
6257,14
6258,30
6259,41
6260,0
6261,45
6262,43
6263,5
6264,0
6265,32
6266,50
6267,30
6268,1
6269,0
6270,41
6271,7
6272,9
6273,0
6274,7
6275,1
6276,37
6277,1
6278,26
6279,1
6280,36
6281,7
6282,30
6283,7
6284,30
6285,24
6286,33
6287,0
6288,0
6289,0
6290,0
6291,15
6292,0
6293,0
6294,10
6295,33
6296,0
6297,27
6298,36
6299,12
6300,23
6301,36
6302,30
6303,0
6304,7
6305,47
6306,3
6307,0
6308,3
6309,0
6310,22
6311,5
6312,0
6313,30
6314,10
6315,12
6316,0
6317,30
6318,11
6319,7
6320,6
6321,39
6322,47
6323,29
6324,10
6325,23
6326,30
6327,11
6328,31
6329,0
6330,0
6331,0
6332,14
6333,24
6334,23
6335,0
6336,18
6337,18
6338,41
6339,0
6340,19
6341,10
6342,19
6343,23
6344,0
6345,4
6346,0
6347,26
6348,0
6349,28
6350,23
6351,0
6352,7
6353,32
6354,0
6355,5
6356,32
6357,0
6358,28
6359,7
6360,1
6361,0
6362,18
6363,26
6364,0
6365,10
6366,25
6367,0
6368,0
6369,1
6370,5
6371,36
6372,20
6373,1
6374,24
6375,5
6376,41
6377,23
6378,11
6379,48
6380,0
6381,30
6382,45
6383,10
6384,5
6385,45
6386,12
6387,41
6388,5
6389,5
6390,40
6391,13
6392,42
6393,14
6394,0
6395,15
6396,0
6397,0
6398,13
6399,3
6400,5
6401,14
6402,0
6403,18
6404,5
6405,10
6406,14
6407,50
6408,12
6409,0
6410,49
6411,1
6412,39
6413,0
6414,36
6415,0
6416,18
6417,14
6418,1
6419,43
6420,38
6421,30
6422,1
6423,5
6424,0
6425,3
6426,0
6427,1
6428,11
6429,37
6430,1
6431,24
6432,0
6433,7
6434,0
6435,18
6436,31
6437,1
6438,48
6439,43
6440,14
6441,18
6442,5
6443,0
6444,0
6445,42
6446,19
6447,0
6448,26
6449,5
6450,5
6451,41
6452,0
6453,23
6454,11
6455,1
6456,1
6457,3
6458,4
6459,14
6460,17
6461,21
6462,0
6463,6
6464,23
6465,9
6466,40
6467,3
6468,0
6469,11
6470,1
6471,0
6472,45
6473,3
6474,12
6475,5
6476,5
6477,36
6478,33
6479,0
6480,0
6481,0
6482,5
6483,5
6484,0
6485,0
6486,22
6487,18
6488,1
6489,30
6490,5
6491,23
6492,39
6493,15
6494,0
6495,6
6496,36
6497,5
6498,5
6499,1
6500,1
6501,0
6502,0
6503,23
6504,7
6505,40
6506,32
6507,29
6508,30
6509,0
6510,0
6511,5
6512,14
6513,5
6514,22
6515,0
6516,0
6517,32
6518,13
6519,0
6520,5
6521,40
6522,37
6523,14
6524,24
6525,45
6526,27
6527,40
6528,1
6529,8
6530,0
6531,22
6532,30
6533,0
6534,31
6535,22
6536,9
6537,10
6538,0
6539,13
6540,30
6541,26
6542,0
6543,35
6544,0
6545,0
6546,27
6547,7
6548,14
6549,22
6550,49
6551,46
6552,5
6553,30
6554,23
6555,7
6556,31
6557,0
6558,16
6559,23
6560,31
6561,23
6562,0
6563,11
6564,15
6565,36
6566,31
6567,5
6568,30
6569,0
6570,40
6571,24
6572,16
6573,0
6574,20
6575,3
6576,15
6577,24
6578,37
6579,32
6580,5
6581,0
6582,0
6583,7
6584,49
6585,0
6586,0
6587,22
6588,14
6589,1
6590,37
6591,0
6592,7
6593,18
6594,26
6595,31
6596,5
6597,18
6598,25
6599,0
6600,0
6601,17
6602,33
6603,0
6604,5
6605,31
6606,3
6607,12
6608,34
6609,7
6610,11
6611,14
6612,23
6613,0
6614,0
6615,11
6616,0
6617,5
6618,12
6619,0
6620,0
6621,22
6622,23
6623,34
6624,38
6625,31
6626,1
6627,0
6628,30
6629,10
6630,0
6631,0
6632,3
6633,48
6634,36
6635,32
6636,0
6637,12
6638,38
6639,14
6640,30
6641,1
6642,12
6643,1
6644,30
6645,23
6646,9
6647,1
6648,12
6649,24
6650,11
6651,0
6652,40
6653,0
6654,4
6655,22
6656,47
6657,13
6658,31
6659,7
6660,30
6661,24
6662,0
6663,31
6664,40
6665,1
6666,31
6667,9
6668,6
6669,30
6670,19
6671,0
6672,7
6673,23
6674,30
6675,23
6676,7
6677,38
6678,20
6679,11
6680,0
6681,0
6682,0
6683,0
6684,0
6685,22
6686,18
6687,11
6688,10
6689,5
6690,48
6691,13
6692,5
6693,11
6694,49
6695,10
6696,12
6697,1
6698,0
6699,0
6700,7
6701,1
6702,30
6703,0
6704,5
6705,1
6706,7
6707,25
6708,5
6709,0
6710,42
6711,32
6712,36
6713,0
6714,0
6715,0
6716,5
6717,1
6718,26
6719,16
6720,0
6721,21
6722,17
6723,1
6724,1
6725,0
6726,13
6727,30
6728,16
6729,19
6730,0
6731,18
6732,9
6733,30
6734,50
6735,47
6736,30
6737,30
6738,41
6739,5
6740,0
6741,3
6742,21
6743,47
6744,0
6745,19
6746,6
6747,1
6748,20
6749,7
6750,27
6751,1
6752,8
6753,40
6754,16
6755,28
6756,29
6757,0
6758,0
6759,0
6760,14
6761,7
6762,49
6763,45
6764,30
6765,20
6766,1
6767,1
6768,0
6769,0
6770,16
6771,6
6772,48
6773,1
6774,14
6775,0
6776,21
6777,24
6778,0
6779,5
6780,15
6781,36
6782,11
6783,26
6784,7
6785,2
6786,13
6787,14
6788,3
6789,32
6790,27
6791,0
6792,0
6793,44
6794,23
6795,23
6796,19
6797,30
6798,32
6799,0
6800,5
6801,13
6802,31
6803,45
6804,3
6805,0
6806,22
6807,11
6808,3
6809,0
6810,31
6811,0
6812,48
6813,7
6814,1
6815,2
6816,48
6817,30
6818,22
6819,40
6820,13
6821,19
6822,30
6823,32
6824,26
6825,5
6826,0
6827,18
6828,48
6829,22
6830,0
6831,36
6832,30
6833,23
6834,0
6835,0
6836,22
6837,0
6838,18
6839,10
6840,7
6841,1
6842,45
6843,30
6844,14
6845,0
6846,11
6847,0
6848,18
6849,5
6850,0
6851,23
6852,5
6853,45
6854,36
6855,0
6856,1
6857,0
6858,42
6859,38
6860,0
6861,23
6862,1
6863,1
6864,41
6865,16
6866,45
6867,0
6868,31
6869,35
6870,0
6871,1
6872,9
6873,45
6874,0
6875,10
6876,12
6877,43
6878,22
6879,30
6880,0
6881,27
6882,42
6883,8
6884,7
6885,5
6886,23
6887,39
6888,18
6889,0
6890,7
6891,0
6892,0
6893,29
6894,0
6895,7
6896,1
6897,31
6898,23
6899,5
6900,0
6901,3
6902,30
6903,30
6904,1
6905,0
6906,49
6907,30
6908,0
6909,45
6910,27
6911,22
6912,0
6913,15
6914,0
6915,49
6916,48
6917,0
6918,37
6919,39
6920,14
6921,38
6922,14
6923,31
6924,30
6925,17
6926,25
6927,0
6928,12
6929,43
6930,40
6931,23
6932,30
6933,10
6934,0
6935,12
6936,1
6937,1
6938,7
6939,4
6940,9
6941,0
6942,22
6943,13
6944,0
6945,40
6946,30
6947,1
6948,0
6949,16
6950,22
6951,0
6952,22
6953,0
6954,11
6955,5
6956,0
6957,0
6958,49
6959,0
6960,22
6961,1
6962,34
6963,35
6964,49
6965,9
6966,32
6967,26
6968,26
6969,0
6970,31
6971,5
6972,14
6973,39
6974,0
6975,40
6976,13
6977,50
6978,14
6979,50
6980,14
6981,3
6982,1
6983,30
6984,26
6985,0
6986,0
6987,30
6988,30
6989,3
6990,40
6991,50
6992,0
6993,12
6994,0
6995,30
6996,18
6997,24
6998,7
6999,33
7000,0
7001,14
7002,5
7003,0
7004,5
7005,48
7006,11
7007,5
7008,22
7009,37
7010,18
7011,1
7012,5
7013,1
7014,0
7015,0
7016,32
7017,19
7018,0
7019,35
7020,21
7021,9
7022,21
7023,37
7024,12
7025,15
7026,3
7027,11
7028,49
7029,0
7030,6
7031,26
7032,1
7033,6
7034,14
7035,14
7036,0
7037,24
7038,5
7039,30
7040,40
7041,33
7042,0
7043,36
7044,0
7045,11
7046,0
7047,7
7048,40
7049,30
7050,22
7051,26
7052,50
7053,0
7054,30
7055,22
7056,7
7057,40
7058,40
7059,0
7060,5
7061,18
7062,0
7063,3
7064,38
7065,11
7066,0
7067,3
7068,30
7069,13
7070,27
7071,21
7072,0
7073,40
7074,27
7075,1
7076,34
7077,12
7078,5
7079,3
7080,0
7081,43
7082,5
7083,0
7084,16
7085,34
7086,9
7087,36
7088,24
7089,23
7090,28
7091,26
7092,22
7093,23
7094,10
7095,26
7096,14
7097,30
7098,7
7099,42
7100,30
7101,40
7102,19
7103,41
7104,0
7105,3
7106,35
7107,7
7108,5
7109,7
7110,0
7111,21
7112,45
7113,19
7114,1
7115,30
7116,11
7117,32
7118,3
7119,14
7120,5
7121,41
7122,23
7123,30
7124,11
7125,11
7126,37
7127,10
7128,32
7129,36
7130,42
7131,10
7132,0
7133,30
7134,26
7135,1
7136,0
7137,0
7138,30
7139,23
7140,6
7141,0
7142,14
7143,12
7144,12
7145,0
7146,22
7147,19
7148,16
7149,16
7150,38
7151,22
7152,30
7153,25
7154,23
7155,0
7156,30
7157,0
7158,0
7159,6
7160,5
7161,7
7162,36
7163,7
7164,6
7165,4
7166,39
7167,0
7168,23
7169,0
7170,5
7171,30
7172,44
7173,36
7174,23
7175,46
7176,0
7177,45
7178,7
7179,12
7180,5
7181,30
7182,15
7183,30
7184,5
7185,0
7186,19
7187,34
7188,0
7189,23
7190,22
7191,5
7192,7
7193,24
7194,30
7195,44
7196,1
7197,18
7198,47
7199,0
7200,26
7201,14
7202,33
7203,1
7204,49
7205,5
7206,30
7207,18
7208,0
7209,30
7210,1
7211,30
7212,10
7213,18
7214,14
7215,42
7216,22
7217,1
7218,1
7219,14
7220,23
7221,5
7222,2
7223,0
7224,1
7225,0
7226,30
7227,3
7228,27
7229,0
7230,34
7231,0
7232,5
7233,14
7234,0
7235,7
7236,16
7237,15
7238,30
7239,18
7240,11
7241,30
7242,31
7243,24
7244,1
7245,0
7246,37
7247,44
7248,41
7249,14
7250,2
7251,15
7252,0
7253,39
7254,45
7255,22
7256,0
7257,44
7258,23
7259,45
7260,18
7261,0
7262,45
7263,6
7264,3
7265,19
7266,30
7267,13
7268,12
7269,50
7270,12
7271,11
7272,49
7273,37
7274,0
7275,21
7276,0
7277,18
7278,0
7279,11
7280,18
7281,20
7282,5
7283,22
7284,30
7285,0
7286,1
7287,26
7288,18
7289,11
7290,41
7291,0
7292,47
7293,19
7294,36
7295,18
7296,18
7297,0
7298,12
7299,6
7300,38
7301,0
7302,20
7303,0
7304,28
7305,0
7306,30
7307,30
7308,5
7309,1
7310,12
7311,14
7312,3
7313,1
7314,11
7315,5
7316,14
7317,0
7318,0
7319,30
7320,0
7321,38
7322,1
7323,12
7324,41
7325,11
7326,30
7327,0
7328,5
7329,3
7330,10
7331,40
7332,5
7333,30
7334,0
7335,22
7336,45
7337,32
7338,40
7339,43
7340,24
7341,30
7342,30
7343,5
7344,0
7345,3
7346,13
7347,30
7348,1
7349,0
7350,31
7351,8
7352,40
7353,30
7354,23
7355,0
7356,12
7357,6
7358,15
7359,0
7360,23
7361,49
7362,0
7363,11
7364,22
7365,23
7366,19
7367,10
7368,7
7369,4
7370,5
7371,30
7372,16
7373,30
7374,34
7375,44
7376,12
7377,36
7378,23
7379,13
7380,5
7381,11
7382,48
7383,45
7384,23
7385,3
7386,16
7387,45
7388,0
7389,21
7390,14
7391,1
7392,0
7393,1
7394,0
7395,0
7396,2
7397,7
7398,1
7399,10
7400,1
7401,0
7402,0
7403,1
7404,19
7405,23
7406,46
7407,0
7408,30
7409,0
7410,38
7411,35
7412,39
7413,18
7414,20
7415,0
7416,23
7417,9
7418,13
7419,0
7420,0
7421,38
7422,28
7423,1
7424,34
7425,7
7426,5
7427,42
7428,22
7429,14
7430,30
7431,40
7432,31
7433,9
7434,0
7435,7
7436,32
7437,1
7438,16
7439,16
7440,8
7441,29
7442,0
7443,0
7444,22
7445,9
7446,12
7447,30
7448,7
7449,13
7450,41
7451,40
7452,25
7453,42
7454,28
7455,0
7456,0
7457,25
7458,0
7459,1
7460,0
7461,0
7462,32
7463,0
7464,29
7465,11
7466,18
7467,21
7468,11
7469,0
7470,5
7471,42
7472,6
7473,0
7474,47
7475,50
7476,10
7477,5
7478,2
7479,49
7480,30
7481,3
7482,0
7483,23
7484,0
7485,5
7486,0
7487,0
7488,35
7489,30
7490,1
7491,6
7492,41
7493,45
7494,0
7495,0
7496,40
7497,23
7498,13
7499,0
7500,0
7501,48
7502,14
7503,16
7504,29
7505,14
7506,0
7507,1
7508,43
7509,10
7510,1
7511,23
7512,40
7513,5
7514,40
7515,23
7516,0
7517,3
7518,34
7519,1
7520,7
7521,9
7522,21
7523,30
7524,15
7525,7
7526,30
7527,9
7528,30
7529,0
7530,0
7531,36
7532,5
7533,38
7534,0
7535,14
7536,0
7537,0
7538,1
7539,5
7540,30
7541,1
7542,40
7543,47
7544,11
7545,18
7546,0
7547,45
7548,31
7549,0
7550,30
7551,18
7552,30
7553,40
7554,0
7555,26
7556,26
7557,0
7558,42
7559,30
7560,50
7561,41
7562,0
7563,37
7564,8
7565,5
7566,0
7567,6
7568,13
7569,3
7570,18
7571,30
7572,1
7573,10
7574,18
7575,0
7576,10
7577,43
7578,13
7579,0
7580,16
7581,30
7582,48
7583,40
7584,0
7585,3
7586,1
7587,6
7588,13
7589,7
7590,14
7591,18
7592,35
7593,1
7594,6
7595,22
7596,12
7597,29
7598,1
7599,31
7600,30
7601,0
7602,18
7603,0
7604,0
7605,32
7606,10
7607,0
7608,0
7609,0
7610,40
7611,36
7612,0
7613,50
7614,5
7615,40
7616,11
7617,42
7618,14
7619,7
7620,20
7621,50
7622,14
7623,4
7624,47
7625,28
7626,9
7627,0
7628,25
7629,11
7630,36
7631,45
7632,38
7633,0
7634,30
7635,30
7636,0
7637,20
7638,11
7639,50
7640,2
7641,12
7642,23
7643,36
7644,23
7645,4
7646,0
7647,14
7648,30
7649,5
7650,37
7651,14
7652,15
7653,32
7654,50
7655,0
7656,36
7657,16
7658,49
7659,4
7660,50
7661,30
7662,0
7663,0
7664,0
7665,30
7666,31
7667,50
7668,0
7669,20
7670,1
7671,9
7672,0
7673,14
7674,11
7675,37
7676,0
7677,0
7678,5
7679,11
7680,7
7681,0
7682,7
7683,23
7684,43
7685,10
7686,0
7687,0
7688,30
7689,30
7690,23
7691,10
7692,32
7693,0
7694,48
7695,0
7696,27
7697,8
7698,32
7699,14
7700,25
7701,18
7702,3
7703,11
7704,40
7705,26
7706,1
7707,13
7708,0
7709,7
7710,11
7711,18
7712,30
7713,0
7714,40
7715,30
7716,32
7717,10
7718,23
7719,14
7720,7
7721,28
7722,30
7723,0
7724,5
7725,18
7726,32
7727,0
7728,48
7729,12
7730,6
7731,5
7732,1
7733,1
7734,0
7735,0
7736,40
7737,5
7738,32
7739,26
7740,0
7741,0
7742,23
7743,45
7744,11
7745,30
7746,23
7747,30
7748,0
7749,35
7750,1
7751,30
7752,16
7753,27
7754,23
7755,30
7756,0
7757,30
7758,12
7759,5
7760,5
7761,30
7762,0
7763,5
7764,20
7765,49
7766,5
7767,30
7768,26
7769,0
7770,0
7771,39
7772,0
7773,12
7774,22
7775,13
7776,10
7777,4
7778,10
7779,0
7780,5
7781,0
7782,0
7783,36
7784,0
7785,0
7786,21
7787,1
7788,9
7789,1
7790,26
7791,23
7792,0
7793,1
7794,34
7795,10
7796,48
7797,22
7798,0
7799,36
7800,48
7801,44
7802,1
7803,14
7804,20
7805,6
7806,18
7807,1
7808,0
7809,16
7810,15
7811,0
7812,5
7813,5
7814,22
7815,5
7816,7
7817,32
7818,36
7819,30
7820,7
7821,0
7822,0
7823,0
7824,12
7825,38
7826,30
7827,49
7828,0
7829,5
7830,1
7831,30
7832,21
7833,19
7834,14
7835,0
7836,0
7837,0
7838,1
7839,1
7840,9
7841,18
7842,5
7843,0
7844,13
7845,16
7846,23
7847,19
7848,49
7849,0
7850,45
7851,5
7852,11
7853,9
7854,45
7855,11
7856,17
7857,5
7858,6
7859,22
7860,22
7861,16
7862,12
7863,0
7864,5
7865,31
7866,0
7867,13
7868,44
7869,25
7870,19
7871,40
7872,23
7873,30
7874,27
7875,44
7876,5
7877,48
7878,14
7879,0
7880,5
7881,40
7882,32
7883,0
7884,14
7885,0
7886,30
7887,18
7888,0
7889,0
7890,31
7891,7
7892,0
7893,41
7894,32
7895,20
7896,31
7897,1
7898,0
7899,0
7900,14
7901,0
7902,33
7903,34
7904,11
7905,5
7906,23
7907,0
7908,50
7909,30
7910,5
7911,5
7912,2
7913,15
7914,23
7915,6
7916,5
7917,33
7918,16
7919,5
7920,9
7921,21
7922,0
7923,0
7924,23
7925,12
7926,16
7927,0
7928,0
7929,5
7930,0
7931,0
7932,7
7933,3
7934,9
7935,30
7936,19
7937,49
7938,36
7939,0
7940,14
7941,34
7942,5
7943,22
7944,26
7945,0
7946,18
7947,5
7948,34
7949,15
7950,14
7951,18
7952,0
7953,30
7954,19
7955,14
7956,44
7957,9
7958,3
7959,0
7960,5
7961,13
7962,0
7963,0
7964,39
7965,5
7966,1
7967,36
7968,28
7969,0
7970,1
7971,5
7972,11
7973,0
7974,3
7975,10
7976,20
7977,0
7978,17
7979,39
7980,49
7981,3
7982,5
7983,30
7984,40
7985,12
7986,41
7987,0
7988,23
7989,29
7990,36
7991,32
7992,10
7993,36
7994,0
7995,30
7996,1
7997,31
7998,30
7999,23
8000,0
8001,13
8002,18
8003,3
8004,30
8005,5
8006,3
8007,5
8008,28
8009,23
8010,0
8011,0
8012,47
8013,14
8014,25
8015,7
8016,14
8017,30
8018,3
8019,35
8020,22
8021,0
8022,8
8023,23
8024,5
8025,4
8026,20
8027,40
8028,3
8029,22
8030,30
8031,30
8032,3
8033,0
8034,0
8035,7
8036,30
8037,9
8038,30
8039,0
8040,15
8041,0
8042,1
8043,16
8044,31
8045,1
8046,4
8047,6
8048,14
8049,12
8050,47
8051,11
8052,12
8053,27
8054,5
8055,1
8056,0
8057,18
8058,8
8059,11
8060,22
8061,1
8062,14
8063,12
8064,30
8065,0
8066,1
8067,41
8068,0
8069,10
8070,19
8071,10
8072,7
8073,0
8074,37
8075,5
8076,14
8077,38
8078,3
8079,5
8080,39
8081,18
8082,0
8083,1
8084,18
8085,0
8086,39
8087,24
8088,0
8089,41
8090,38
8091,26
8092,30
8093,14
8094,37
8095,49
8096,36
8097,7
8098,1
8099,45
8100,34
8101,0
8102,0
8103,1
8104,34
8105,7
8106,45
8107,16
8108,9
8109,30
8110,0
8111,11
8112,1
8113,7
8114,30
8115,1
8116,0
8117,5
8118,39
8119,1
8120,32
8121,41
8122,39
8123,37
8124,14
8125,19
8126,0
8127,0
8128,15
8129,7
8130,50
8131,29
8132,0
8133,40
8134,40
8135,29
8136,31
8137,18
8138,6
8139,0
8140,22
8141,13
8142,0
8143,7
8144,30
8145,50
8146,0
8147,21
8148,36
8149,5
8150,0
8151,50
8152,5
8153,11
8154,12
8155,14
8156,0
8157,25
8158,12
8159,7
8160,32
8161,26
8162,22
8163,7
8164,36
8165,1
8166,0
8167,0
8168,47
8169,15
8170,0
8171,23
8172,0
8173,0
8174,0
8175,18
8176,14
8177,3
8178,49
8179,10
8180,5
8181,7
8182,48
8183,7
8184,40
8185,3
8186,41
8187,28
8188,0
8189,5
8190,0
8191,3
8192,29
8193,11
8194,6
8195,16
8196,35
8197,22
8198,0
8199,7
8200,0
8201,0
8202,9
8203,50
8204,0
8205,22
8206,0
8207,32
8208,36
8209,0
8210,11
8211,0
8212,40
8213,7
8214,45
8215,12
8216,0
8217,30
8218,22
8219,25
8220,18
8221,22
8222,30
8223,27
8224,0
8225,0
8226,43
8227,5
8228,23
8229,36
8230,0
8231,38
8232,1
8233,18
8234,0
8235,8
8236,40
8237,42
8238,14
8239,1
8240,6
8241,23
8242,30
8243,48
8244,1
8245,0
8246,36
8247,14
8248,0
8249,34
8250,30
8251,0
8252,5
8253,47
8254,14
8255,1
8256,22
8257,0
8258,11
8259,0
8260,0
8261,49
8262,3
8263,5
8264,4
8265,18
8266,0
8267,12
8268,3
8269,6
8270,18
8271,26
8272,41
8273,0
8274,0
8275,30
8276,48
8277,0
8278,18
8279,7
8280,2
8281,7
8282,23
8283,1
8284,30
8285,11
8286,40
8287,0
8288,6
8289,9
8290,14
8291,37
8292,0
8293,16
8294,22
8295,0
8296,30
8297,0
8298,11
8299,18
8300,20
8301,12
8302,7
8303,23
8304,24
8305,50
8306,5
8307,18
8308,14
8309,25
8310,38
8311,3
8312,14
8313,46
8314,29
8315,49
8316,12
8317,0
8318,31
8319,33
8320,31
8321,0
8322,7
8323,23
8324,15
8325,32
8326,13
8327,23
8328,14
8329,30
8330,0
8331,1
8332,0
8333,5
8334,22
8335,3
8336,0
8337,12
8338,34
8339,5
8340,26
8341,22
8342,0
8343,36
8344,0
8345,22
8346,31
8347,0
8348,23
8349,49
8350,0
8351,13
8352,23
8353,48
8354,0
8355,1
8356,30
8357,40
8358,22
8359,14
8360,16
8361,5
8362,0
8363,25
8364,12
8365,45
8366,7
8367,0
8368,29
8369,5
8370,11
8371,0
8372,23
8373,15
8374,1
8375,12
8376,10
8377,49
8378,11
8379,7
8380,18
8381,11
8382,28
8383,12
8384,12
8385,3
8386,40
8387,5
8388,12
8389,14
8390,29
8391,0
8392,20
8393,7
8394,23
8395,0
8396,14
8397,18
8398,5
8399,30
8400,18
8401,0
8402,1
8403,9
8404,0
8405,31
8406,24
8407,0
8408,4
8409,23
8410,20
8411,20
8412,7
8413,22
8414,42
8415,33
8416,25
8417,12
8418,23
8419,0
8420,1
8421,22
8422,30
8423,40
8424,16
8425,0
8426,50
8427,0
8428,23
8429,24
8430,20
8431,16
8432,26
8433,40
8434,27
8435,0
8436,25
8437,40
8438,10
8439,31
